mtllib SmallSlavicShip.mtl
s 1
v -0.070000 0.900000 -6.100000
v -0.068245 0.875224 -6.100000
v -0.063068 0.858290 -6.100000
v -0.054728 0.844658 -6.100000
v -0.043644 0.833974 -6.100000
v -0.030372 0.826250 -6.100000
v -0.015576 0.821569 -6.100000
v -0.000000 0.820000 -6.100000
v 0.015576 0.821569 -6.100000
v 0.030372 0.826250 -6.100000
v 0.043644 0.833974 -6.100000
v 0.054728 0.844658 -6.100000
v 0.063068 0.858290 -6.100000
v 0.068245 0.875224 -6.100000
v 0.070000 0.900000 -6.100000
v -0.867757 0.840678 -5.591667
v -0.846001 0.703716 -5.591667
v -0.781822 0.610109 -5.591667
v -0.678440 0.534751 -5.591667
v -0.541038 0.475690 -5.591667
v -0.376506 0.432994 -5.591667
v -0.193094 0.407118 -5.591667
v -0.000000 0.398446 -5.591667
v 0.193094 0.407118 -5.591667
v 0.376506 0.432994 -5.591667
v 0.541038 0.475690 -5.591667
v 0.678440 0.534751 -5.591667
v 0.781822 0.610109 -5.591667
v 0.846001 0.703716 -5.591667
v 0.867757 0.840678 -5.591667
v -1.178087 0.785269 -5.083333
v -1.148550 0.593626 -5.083333
v -1.061420 0.462646 -5.083333
v -0.921066 0.357203 -5.083333
v -0.734526 0.274562 -5.083333
v -0.511153 0.214819 -5.083333
v -0.262149 0.178613 -5.083333
v -0.000000 0.166478 -5.083333
v 0.262149 0.178613 -5.083333
v 0.511153 0.214819 -5.083333
v 0.734526 0.274562 -5.083333
v 0.921066 0.357203 -5.083333
v 1.061420 0.462646 -5.083333
v 1.148550 0.593626 -5.083333
v 1.178087 0.785269 -5.083333
v -1.406900 0.733867 -4.575000
v -1.371626 0.499738 -4.575000
v -1.267573 0.339721 -4.575000
v -1.099959 0.210902 -4.575000
v -0.877188 0.109939 -4.575000
v -0.610431 0.036952 -4.575000
v -0.313065 -0.007280 -4.575000
v -0.000000 -0.022105 -4.575000
v 0.313065 -0.007280 -4.575000
v 0.610431 0.036952 -4.575000
v 0.877188 0.109939 -4.575000
v 1.099959 0.210902 -4.575000
v 1.267573 0.339721 -4.575000
v 1.371626 0.499738 -4.575000
v 1.406900 0.733867 -4.575000
v -1.589993 0.686581 -4.066667
v -1.550128 0.417329 -4.066667
v -1.432534 0.233308 -4.066667
v -1.243106 0.085164 -4.066667
v -0.991344 -0.030944 -4.066667
v -0.689872 -0.114879 -4.066667
v -0.353807 -0.165748 -4.066667
v -0.000000 -0.182797 -4.066667
v 0.353807 -0.165748 -4.066667
v 0.689872 -0.114879 -4.066667
v 0.991344 -0.030944 -4.066667
v 1.243106 0.085164 -4.066667
v 1.432534 0.233308 -4.066667
v 1.550128 0.417329 -4.066667
v 1.589993 0.686581 -4.066667
v -1.740592 0.643532 -3.558333
v -1.696952 0.344718 -3.558333
v -1.568219 0.140491 -3.558333
v -1.360850 -0.023918 -3.558333
v -1.085242 -0.152774 -3.558333
v -0.755215 -0.245926 -3.558333
v -0.387318 -0.302380 -3.558333
v -0.000000 -0.321301 -3.558333
v 0.387318 -0.302380 -3.558333
v 0.755215 -0.245926 -3.558333
v 1.085242 -0.152774 -3.558333
v 1.360850 -0.023918 -3.558333
v 1.568219 0.140491 -3.558333
v 1.696952 0.344718 -3.558333
v 1.740592 0.643532 -3.558333
v -1.865100 0.604867 -3.050000
v -1.818338 0.281186 -3.050000
v -1.680397 0.059964 -3.050000
v -1.458194 -0.118128 -3.050000
v -1.162871 -0.257707 -3.050000
v -0.809237 -0.358611 -3.050000
v -0.415024 -0.419762 -3.050000
v -0.000000 -0.440258 -3.050000
v 0.415024 -0.419762 -3.050000
v 0.809237 -0.358611 -3.050000
v 1.162871 -0.257707 -3.050000
v 1.458194 -0.118128 -3.050000
v 1.680397 0.059964 -3.050000
v 1.818338 0.281186 -3.050000
v 1.865100 0.604867 -3.050000
v -1.967055 0.570757 -2.541667
v -1.917737 0.226443 -2.541667
v -1.772255 -0.008881 -2.541667
v -1.537905 -0.198325 -2.541667
v -1.226439 -0.346802 -2.541667
v -0.853473 -0.454137 -2.541667
v -0.437711 -0.519187 -2.541667
v -0.000000 -0.540989 -2.541667
v 0.437711 -0.519187 -2.541667
v 0.853473 -0.454137 -2.541667
v 1.226439 -0.346802 -2.541667
v 1.537905 -0.198325 -2.541667
v 1.772255 -0.008881 -2.541667
v 1.917737 0.226443 -2.541667
v 1.967055 0.570757 -2.541667
v -2.048566 0.541417 -2.033333
v -1.997204 0.180439 -2.033333
v -1.845694 -0.066273 -2.033333
v -1.601633 -0.264885 -2.033333
v -1.277260 -0.420548 -2.033333
v -0.888840 -0.533078 -2.033333
v -0.455849 -0.601276 -2.033333
v -0.000000 -0.624133 -2.033333
v 0.455849 -0.601276 -2.033333
v 0.888840 -0.533078 -2.033333
v 1.277260 -0.420548 -2.033333
v 1.601633 -0.264885 -2.033333
v 1.845694 -0.066273 -2.033333
v 1.997204 0.180439 -2.033333
v 2.048566 0.541417 -2.033333
v -2.110945 0.517123 -1.525000
v -2.058019 0.143296 -1.525000
v -1.901895 -0.112198 -1.525000
v -1.650403 -0.317880 -1.525000
v -1.316152 -0.479084 -1.525000
v -0.915905 -0.595620 -1.525000
v -0.469729 -0.666245 -1.525000
v -0.000000 -0.689916 -1.525000
v 0.469729 -0.666245 -1.525000
v 0.915905 -0.595620 -1.525000
v 1.316152 -0.479084 -1.525000
v 1.650403 -0.317880 -1.525000
v 1.901895 -0.112198 -1.525000
v 2.058019 0.143296 -1.525000
v 2.110945 0.517123 -1.525000
v -2.155014 0.498259 -1.016667
v -2.100983 0.115305 -1.016667
v -1.941600 -0.146428 -1.016667
v -1.684857 -0.357131 -1.016667
v -1.343629 -0.522271 -1.016667
v -0.935025 -0.641653 -1.016667
v -0.479536 -0.714002 -1.016667
v -0.000000 -0.738251 -1.016667
v 0.479536 -0.714002 -1.016667
v 0.935025 -0.641653 -1.016667
v 1.343629 -0.522271 -1.016667
v 1.684857 -0.357131 -1.016667
v 1.941600 -0.146428 -1.016667
v 2.100983 0.115305 -1.016667
v 2.155014 0.498259 -1.016667
v -2.181275 0.485429 -0.508333
v -2.126586 0.097016 -0.508333
v -1.965261 -0.168447 -0.508333
v -1.705389 -0.382154 -0.508333
v -1.360003 -0.549648 -0.508333
v -0.946420 -0.670731 -0.508333
v -0.485379 -0.744111 -0.508333
v -0.000000 -0.768706 -0.508333
v 0.485379 -0.744111 -0.508333
v 0.946420 -0.670731 -0.508333
v 1.360003 -0.549648 -0.508333
v 1.705389 -0.382154 -0.508333
v 1.965261 -0.168447 -0.508333
v 2.126586 0.097016 -0.508333
v 2.181275 0.485429 -0.508333
v -2.190000 0.480000 -0.000000
v -2.135092 0.089771 -0.000000
v -1.973122 -0.176934 -0.000000
v -1.712211 -0.391641 -0.000000
v -1.365443 -0.559917 -0.000000
v -0.950205 -0.681567 -0.000000
v -0.487321 -0.755290 -0.000000
v -0.000000 -0.780000 -0.000000
v 0.487321 -0.755290 -0.000000
v 0.950205 -0.681567 -0.000000
v 1.365443 -0.559917 -0.000000
v 1.712211 -0.391641 -0.000000
v 1.973122 -0.176934 -0.000000
v 2.135092 0.089771 -0.000000
v 2.190000 0.480000 -0.000000
v -2.181275 0.485429 0.508333
v -2.126586 0.097016 0.508333
v -1.965261 -0.168447 0.508333
v -1.705389 -0.382154 0.508333
v -1.360003 -0.549648 0.508333
v -0.946420 -0.670731 0.508333
v -0.485379 -0.744111 0.508333
v -0.000000 -0.768706 0.508333
v 0.485379 -0.744111 0.508333
v 0.946420 -0.670731 0.508333
v 1.360003 -0.549648 0.508333
v 1.705389 -0.382154 0.508333
v 1.965261 -0.168447 0.508333
v 2.126586 0.097016 0.508333
v 2.181275 0.485429 0.508333
v -2.155014 0.498259 1.016667
v -2.100983 0.115305 1.016667
v -1.941600 -0.146428 1.016667
v -1.684857 -0.357131 1.016667
v -1.343629 -0.522271 1.016667
v -0.935025 -0.641653 1.016667
v -0.479536 -0.714002 1.016667
v -0.000000 -0.738251 1.016667
v 0.479536 -0.714002 1.016667
v 0.935025 -0.641653 1.016667
v 1.343629 -0.522271 1.016667
v 1.684857 -0.357131 1.016667
v 1.941600 -0.146428 1.016667
v 2.100983 0.115305 1.016667
v 2.155014 0.498259 1.016667
v -2.110945 0.517123 1.525000
v -2.058019 0.143296 1.525000
v -1.901895 -0.112198 1.525000
v -1.650403 -0.317880 1.525000
v -1.316152 -0.479084 1.525000
v -0.915905 -0.595620 1.525000
v -0.469729 -0.666245 1.525000
v -0.000000 -0.689916 1.525000
v 0.469729 -0.666245 1.525000
v 0.915905 -0.595620 1.525000
v 1.316152 -0.479084 1.525000
v 1.650403 -0.317880 1.525000
v 1.901895 -0.112198 1.525000
v 2.058019 0.143296 1.525000
v 2.110945 0.517123 1.525000
v -2.048566 0.541417 2.033333
v -1.997204 0.180439 2.033333
v -1.845694 -0.066273 2.033333
v -1.601633 -0.264885 2.033333
v -1.277260 -0.420548 2.033333
v -0.888840 -0.533078 2.033333
v -0.455849 -0.601276 2.033333
v -0.000000 -0.624133 2.033333
v 0.455849 -0.601276 2.033333
v 0.888840 -0.533078 2.033333
v 1.277260 -0.420548 2.033333
v 1.601633 -0.264885 2.033333
v 1.845694 -0.066273 2.033333
v 1.997204 0.180439 2.033333
v 2.048566 0.541417 2.033333
v -1.967055 0.570757 2.541667
v -1.917737 0.226443 2.541667
v -1.772255 -0.008881 2.541667
v -1.537905 -0.198325 2.541667
v -1.226439 -0.346802 2.541667
v -0.853473 -0.454137 2.541667
v -0.437711 -0.519187 2.541667
v -0.000000 -0.540989 2.541667
v 0.437711 -0.519187 2.541667
v 0.853473 -0.454137 2.541667
v 1.226439 -0.346802 2.541667
v 1.537905 -0.198325 2.541667
v 1.772255 -0.008881 2.541667
v 1.917737 0.226443 2.541667
v 1.967055 0.570757 2.541667
v -1.865100 0.604867 3.050000
v -1.818338 0.281186 3.050000
v -1.680397 0.059964 3.050000
v -1.458194 -0.118128 3.050000
v -1.162871 -0.257707 3.050000
v -0.809237 -0.358611 3.050000
v -0.415024 -0.419762 3.050000
v -0.000000 -0.440258 3.050000
v 0.415024 -0.419762 3.050000
v 0.809237 -0.358611 3.050000
v 1.162871 -0.257707 3.050000
v 1.458194 -0.118128 3.050000
v 1.680397 0.059964 3.050000
v 1.818338 0.281186 3.050000
v 1.865100 0.604867 3.050000
v -1.740592 0.643532 3.558333
v -1.696952 0.344718 3.558333
v -1.568219 0.140491 3.558333
v -1.360850 -0.023918 3.558333
v -1.085242 -0.152774 3.558333
v -0.755215 -0.245926 3.558333
v -0.387318 -0.302380 3.558333
v -0.000000 -0.321301 3.558333
v 0.387318 -0.302380 3.558333
v 0.755215 -0.245926 3.558333
v 1.085242 -0.152774 3.558333
v 1.360850 -0.023918 3.558333
v 1.568219 0.140491 3.558333
v 1.696952 0.344718 3.558333
v 1.740592 0.643532 3.558333
v -1.589993 0.686581 4.066667
v -1.550128 0.417329 4.066667
v -1.432534 0.233308 4.066667
v -1.243106 0.085164 4.066667
v -0.991344 -0.030944 4.066667
v -0.689872 -0.114879 4.066667
v -0.353807 -0.165748 4.066667
v -0.000000 -0.182797 4.066667
v 0.353807 -0.165748 4.066667
v 0.689872 -0.114879 4.066667
v 0.991344 -0.030944 4.066667
v 1.243106 0.085164 4.066667
v 1.432534 0.233308 4.066667
v 1.550128 0.417329 4.066667
v 1.589993 0.686581 4.066667
v -1.406900 0.733867 4.575000
v -1.371626 0.499738 4.575000
v -1.267573 0.339721 4.575000
v -1.099959 0.210902 4.575000
v -0.877188 0.109939 4.575000
v -0.610431 0.036952 4.575000
v -0.313065 -0.007280 4.575000
v -0.000000 -0.022105 4.575000
v 0.313065 -0.007280 4.575000
v 0.610431 0.036952 4.575000
v 0.877188 0.109939 4.575000
v 1.099959 0.210902 4.575000
v 1.267573 0.339721 4.575000
v 1.371626 0.499738 4.575000
v 1.406900 0.733867 4.575000
v -1.178087 0.785269 5.083333
v -1.148550 0.593626 5.083333
v -1.061420 0.462646 5.083333
v -0.921066 0.357203 5.083333
v -0.734526 0.274562 5.083333
v -0.511153 0.214819 5.083333
v -0.262149 0.178613 5.083333
v -0.000000 0.166478 5.083333
v 0.262149 0.178613 5.083333
v 0.511153 0.214819 5.083333
v 0.734526 0.274562 5.083333
v 0.921066 0.357203 5.083333
v 1.061420 0.462646 5.083333
v 1.148550 0.593626 5.083333
v 1.178087 0.785269 5.083333
v -0.867757 0.840678 5.591667
v -0.846001 0.703716 5.591667
v -0.781822 0.610109 5.591667
v -0.678440 0.534751 5.591667
v -0.541038 0.475690 5.591667
v -0.376506 0.432994 5.591667
v -0.193094 0.407118 5.591667
v -0.000000 0.398446 5.591667
v 0.193094 0.407118 5.591667
v 0.376506 0.432994 5.591667
v 0.541038 0.475690 5.591667
v 0.678440 0.534751 5.591667
v 0.781822 0.610109 5.591667
v 0.846001 0.703716 5.591667
v 0.867757 0.840678 5.591667
v -0.070000 0.900000 6.100000
v -0.068245 0.875224 6.100000
v -0.063068 0.858290 6.100000
v -0.054728 0.844658 6.100000
v -0.043644 0.833974 6.100000
v -0.030372 0.826250 6.100000
v -0.015576 0.821569 6.100000
v -0.000000 0.820000 6.100000
v 0.015576 0.821569 6.100000
v 0.030372 0.826250 6.100000
v 0.043644 0.833974 6.100000
v 0.054728 0.844658 6.100000
v 0.063068 0.858290 6.100000
v 0.068245 0.875224 6.100000
v 0.070000 0.900000 6.100000
v -0.823679 0.780732 -5.450000
v -0.617759 0.820107 -5.450000
v -0.411839 0.848232 -5.450000
v -0.205920 0.865107 -5.450000
v 0.000000 0.870732 -5.450000
v 0.205920 0.865107 -5.450000
v 0.411839 0.848232 -5.450000
v 0.617759 0.820107 -5.450000
v 0.823679 0.780732 -5.450000
v -1.122226 0.729791 -4.844444
v -0.841669 0.769166 -4.844444
v -0.561113 0.797291 -4.844444
v -0.280556 0.814166 -4.844444
v 0.000000 0.819791 -4.844444
v 0.280556 0.814166 -4.844444
v 0.561113 0.797291 -4.844444
v 0.841669 0.769166 -4.844444
v 1.122226 0.729791 -4.844444
v -1.343783 0.683125 -4.238889
v -1.007837 0.722500 -4.238889
v -0.671892 0.750625 -4.238889
v -0.335946 0.767500 -4.238889
v 0.000000 0.773125 -4.238889
v 0.335946 0.767500 -4.238889
v 0.671892 0.750625 -4.238889
v 1.007837 0.722500 -4.238889
v 1.343783 0.683125 -4.238889
v -1.518932 0.640908 -3.633333
v -1.139199 0.680283 -3.633333
v -0.759466 0.708408 -3.633333
v -0.379733 0.725283 -3.633333
v 0.000000 0.730908 -3.633333
v 0.379733 0.725283 -3.633333
v 0.759466 0.708408 -3.633333
v 1.139199 0.680283 -3.633333
v 1.518932 0.640908 -3.633333
v -1.659121 0.603354 -3.027778
v -1.244341 0.642729 -3.027778
v -0.829560 0.670854 -3.027778
v -0.414780 0.687729 -3.027778
v 0.000000 0.693354 -3.027778
v 0.414780 0.687729 -3.027778
v 0.829560 0.670854 -3.027778
v 1.244341 0.642729 -3.027778
v 1.659121 0.603354 -3.027778
v -1.769812 0.570726 -2.422222
v -1.327359 0.610101 -2.422222
v -0.884906 0.638226 -2.422222
v -0.442453 0.655101 -2.422222
v 0.000000 0.660726 -2.422222
v 0.442453 0.655101 -2.422222
v 0.884906 0.638226 -2.422222
v 1.327359 0.610101 -2.422222
v 1.769812 0.570726 -2.422222
v -1.853928 0.543370 -1.816667
v -1.390446 0.582745 -1.816667
v -0.926964 0.610870 -1.816667
v -0.463482 0.627745 -1.816667
v 0.000000 0.633370 -1.816667
v 0.463482 0.627745 -1.816667
v 0.926964 0.610870 -1.816667
v 1.390446 0.582745 -1.816667
v 1.853928 0.543370 -1.816667
v -1.913119 0.521769 -1.211111
v -1.434839 0.561144 -1.211111
v -0.956559 0.589269 -1.211111
v -0.478280 0.606144 -1.211111
v 0.000000 0.611769 -1.211111
v 0.478280 0.606144 -1.211111
v 0.956559 0.589269 -1.211111
v 1.434839 0.561144 -1.211111
v 1.913119 0.521769 -1.211111
v -1.948317 0.506700 -0.605556
v -1.461237 0.546075 -0.605556
v -0.974158 0.574200 -0.605556
v -0.487079 0.591075 -0.605556
v 0.000000 0.596700 -0.605556
v 0.487079 0.591075 -0.605556
v 0.974158 0.574200 -0.605556
v 1.461237 0.546075 -0.605556
v 1.948317 0.506700 -0.605556
v -1.960000 0.500000 0.000000
v -1.470000 0.539375 0.000000
v -0.980000 0.567500 0.000000
v -0.490000 0.584375 0.000000
v 0.000000 0.590000 0.000000
v 0.490000 0.584375 0.000000
v 0.980000 0.567500 0.000000
v 1.470000 0.539375 0.000000
v 1.960000 0.500000 0.000000
v -1.948317 0.506700 0.605556
v -1.461237 0.546075 0.605556
v -0.974158 0.574200 0.605556
v -0.487079 0.591075 0.605556
v 0.000000 0.596700 0.605556
v 0.487079 0.591075 0.605556
v 0.974158 0.574200 0.605556
v 1.461237 0.546075 0.605556
v 1.948317 0.506700 0.605556
v -1.913119 0.521769 1.211111
v -1.434839 0.561144 1.211111
v -0.956559 0.589269 1.211111
v -0.478280 0.606144 1.211111
v 0.000000 0.611769 1.211111
v 0.478280 0.606144 1.211111
v 0.956559 0.589269 1.211111
v 1.434839 0.561144 1.211111
v 1.913119 0.521769 1.211111
v -1.853928 0.543370 1.816667
v -1.390446 0.582745 1.816667
v -0.926964 0.610870 1.816667
v -0.463482 0.627745 1.816667
v 0.000000 0.633370 1.816667
v 0.463482 0.627745 1.816667
v 0.926964 0.610870 1.816667
v 1.390446 0.582745 1.816667
v 1.853928 0.543370 1.816667
v -1.769812 0.570726 2.422222
v -1.327359 0.610101 2.422222
v -0.884906 0.638226 2.422222
v -0.442453 0.655101 2.422222
v 0.000000 0.660726 2.422222
v 0.442453 0.655101 2.422222
v 0.884906 0.638226 2.422222
v 1.327359 0.610101 2.422222
v 1.769812 0.570726 2.422222
v -1.659121 0.603354 3.027778
v -1.244341 0.642729 3.027778
v -0.829560 0.670854 3.027778
v -0.414780 0.687729 3.027778
v 0.000000 0.693354 3.027778
v 0.414780 0.687729 3.027778
v 0.829560 0.670854 3.027778
v 1.244341 0.642729 3.027778
v 1.659121 0.603354 3.027778
v -1.518932 0.640908 3.633333
v -1.139199 0.680283 3.633333
v -0.759466 0.708408 3.633333
v -0.379733 0.725283 3.633333
v 0.000000 0.730908 3.633333
v 0.379733 0.725283 3.633333
v 0.759466 0.708408 3.633333
v 1.139199 0.680283 3.633333
v 1.518932 0.640908 3.633333
v -1.343783 0.683125 4.238889
v -1.007837 0.722500 4.238889
v -0.671892 0.750625 4.238889
v -0.335946 0.767500 4.238889
v 0.000000 0.773125 4.238889
v 0.335946 0.767500 4.238889
v 0.671892 0.750625 4.238889
v 1.007837 0.722500 4.238889
v 1.343783 0.683125 4.238889
v -1.122226 0.729791 4.844444
v -0.841669 0.769166 4.844444
v -0.561113 0.797291 4.844444
v -0.280556 0.814166 4.844444
v 0.000000 0.819791 4.844444
v 0.280556 0.814166 4.844444
v 0.561113 0.797291 4.844444
v 0.841669 0.769166 4.844444
v 1.122226 0.729791 4.844444
v -0.823679 0.780732 5.450000
v -0.617759 0.820107 5.450000
v -0.411839 0.848232 5.450000
v -0.205920 0.865107 5.450000
v 0.000000 0.870732 5.450000
v 0.205920 0.865107 5.450000
v 0.411839 0.848232 5.450000
v 0.617759 0.820107 5.450000
v 0.823679 0.780732 5.450000
v -1.262500 0.594500 -4.250000
v -1.237500 0.594500 -4.250000
v -1.237500 0.609500 -4.250000
v -1.262500 0.609500 -4.250000
v -1.262500 0.594500 4.250000
v -1.237500 0.594500 4.250000
v -1.237500 0.609500 4.250000
v -1.262500 0.609500 4.250000
v -0.632500 0.594500 -4.250000
v -0.607500 0.594500 -4.250000
v -0.607500 0.609500 -4.250000
v -0.632500 0.609500 -4.250000
v -0.632500 0.594500 4.250000
v -0.607500 0.594500 4.250000
v -0.607500 0.609500 4.250000
v -0.632500 0.609500 4.250000
v -0.012500 0.594500 -4.250000
v 0.012500 0.594500 -4.250000
v 0.012500 0.609500 -4.250000
v -0.012500 0.609500 -4.250000
v -0.012500 0.594500 4.250000
v 0.012500 0.594500 4.250000
v 0.012500 0.609500 4.250000
v -0.012500 0.609500 4.250000
v 0.607500 0.594500 -4.250000
v 0.632500 0.594500 -4.250000
v 0.632500 0.609500 -4.250000
v 0.607500 0.609500 -4.250000
v 0.607500 0.594500 4.250000
v 0.632500 0.594500 4.250000
v 0.632500 0.609500 4.250000
v 0.607500 0.609500 4.250000
v 1.237500 0.594500 -4.250000
v 1.262500 0.594500 -4.250000
v 1.262500 0.609500 -4.250000
v 1.237500 0.609500 -4.250000
v 1.237500 0.594500 4.250000
v 1.262500 0.594500 4.250000
v 1.262500 0.609500 4.250000
v 1.237500 0.609500 4.250000
v -1.340257 0.760000 -4.492483
v -1.361216 0.824656 -4.493919
v -1.416088 0.864616 -4.497677
v -1.483912 0.864616 -4.502323
v -1.538784 0.824656 -4.506081
v -1.559743 0.760000 -4.507517
v -1.538784 0.695344 -4.506081
v -1.483912 0.655384 -4.502323
v -1.416088 0.655384 -4.497677
v -1.361216 0.695344 -4.493919
v -1.840257 0.760000 2.807517
v -1.861216 0.824656 2.806081
v -1.916088 0.864616 2.802323
v -1.983912 0.864616 2.797677
v -2.038784 0.824656 2.793919
v -2.059743 0.760000 2.792483
v -2.038784 0.695344 2.793919
v -1.983912 0.655384 2.797677
v -1.916088 0.655384 2.802323
v -1.861216 0.695344 2.806081
v -1.851257 0.760000 2.751526
v -1.870115 0.824656 2.760784
v -1.919487 0.864616 2.785021
v -1.980513 0.864616 2.814979
v -2.029885 0.824656 2.839216
v -2.048743 0.760000 2.848474
v -2.029885 0.695344 2.839216
v -1.980513 0.655384 2.814979
v -1.919487 0.655384 2.785021
v -1.870115 0.695344 2.760784
v -0.501257 0.760000 5.501526
v -0.520115 0.824656 5.510784
v -0.569487 0.864616 5.535021
v -0.630513 0.864616 5.564979
v -0.679885 0.824656 5.589216
v -0.698743 0.760000 5.598474
v -0.679885 0.695344 5.589216
v -0.630513 0.655384 5.564979
v -0.569487 0.655384 5.535021
v -0.520115 0.695344 5.510784
v 1.559743 0.760000 -4.507517
v 1.538784 0.824656 -4.506081
v 1.483912 0.864616 -4.502323
v 1.416088 0.864616 -4.497677
v 1.361216 0.824656 -4.493919
v 1.340257 0.760000 -4.492483
v 1.361216 0.695344 -4.493919
v 1.416088 0.655384 -4.497677
v 1.483912 0.655384 -4.502323
v 1.538784 0.695344 -4.506081
v 2.059743 0.760000 2.792483
v 2.038784 0.824656 2.793919
v 1.983912 0.864616 2.797677
v 1.916088 0.864616 2.802323
v 1.861216 0.824656 2.806081
v 1.840257 0.760000 2.807517
v 1.861216 0.695344 2.806081
v 1.916088 0.655384 2.802323
v 1.983912 0.655384 2.797677
v 2.038784 0.695344 2.793919
v 2.048743 0.760000 2.848474
v 2.029885 0.824656 2.839216
v 1.980513 0.864616 2.814979
v 1.919487 0.864616 2.785021
v 1.870115 0.824656 2.760784
v 1.851257 0.760000 2.751526
v 1.870115 0.695344 2.760784
v 1.919487 0.655384 2.785021
v 1.980513 0.655384 2.814979
v 2.029885 0.695344 2.839216
v 0.698743 0.760000 5.598474
v 0.679885 0.824656 5.589216
v 0.630513 0.864616 5.564979
v 0.569487 0.864616 5.535021
v 0.520115 0.824656 5.510784
v 0.501257 0.760000 5.501526
v 0.520115 0.695344 5.510784
v 0.569487 0.655384 5.535021
v 0.630513 0.655384 5.564979
v 0.679885 0.695344 5.589216
v -1.495000 0.740000 -3.800000
v -1.511109 0.740000 -3.761109
v -1.550000 0.740000 -3.745000
v -1.588891 0.740000 -3.761109
v -1.605000 0.740000 -3.800000
v -1.588891 0.740000 -3.838891
v -1.550000 0.740000 -3.855000
v -1.511109 0.740000 -3.838891
v -1.495000 1.360000 -3.800000
v -1.511109 1.360000 -3.761109
v -1.550000 1.360000 -3.745000
v -1.588891 1.360000 -3.761109
v -1.605000 1.360000 -3.800000
v -1.588891 1.360000 -3.838891
v -1.550000 1.360000 -3.855000
v -1.511109 1.360000 -3.838891
v -1.775000 0.740000 -2.200000
v -1.791109 0.740000 -2.161109
v -1.830000 0.740000 -2.145000
v -1.868891 0.740000 -2.161109
v -1.885000 0.740000 -2.200000
v -1.868891 0.740000 -2.238891
v -1.830000 0.740000 -2.255000
v -1.791109 0.740000 -2.238891
v -1.775000 1.360000 -2.200000
v -1.791109 1.360000 -2.161109
v -1.830000 1.360000 -2.145000
v -1.868891 1.360000 -2.161109
v -1.885000 1.360000 -2.200000
v -1.868891 1.360000 -2.238891
v -1.830000 1.360000 -2.255000
v -1.791109 1.360000 -2.238891
v -1.945000 0.740000 -0.500000
v -1.961109 0.740000 -0.461109
v -2.000000 0.740000 -0.445000
v -2.038891 0.740000 -0.461109
v -2.055000 0.740000 -0.500000
v -2.038891 0.740000 -0.538891
v -2.000000 0.740000 -0.555000
v -1.961109 0.740000 -0.538891
v -1.945000 1.360000 -0.500000
v -1.961109 1.360000 -0.461109
v -2.000000 1.360000 -0.445000
v -2.038891 1.360000 -0.461109
v -2.055000 1.360000 -0.500000
v -2.038891 1.360000 -0.538891
v -2.000000 1.360000 -0.555000
v -1.961109 1.360000 -0.538891
v -1.945000 0.740000 1.200000
v -1.961109 0.740000 1.238891
v -2.000000 0.740000 1.255000
v -2.038891 0.740000 1.238891
v -2.055000 0.740000 1.200000
v -2.038891 0.740000 1.161109
v -2.000000 0.740000 1.145000
v -1.961109 0.740000 1.161109
v -1.945000 1.360000 1.200000
v -1.961109 1.360000 1.238891
v -2.000000 1.360000 1.255000
v -2.038891 1.360000 1.238891
v -2.055000 1.360000 1.200000
v -2.038891 1.360000 1.161109
v -2.000000 1.360000 1.145000
v -1.961109 1.360000 1.161109
v -1.745000 0.740000 2.800000
v -1.761109 0.740000 2.838891
v -1.800000 0.740000 2.855000
v -1.838891 0.740000 2.838891
v -1.855000 0.740000 2.800000
v -1.838891 0.740000 2.761109
v -1.800000 0.740000 2.745000
v -1.761109 0.740000 2.761109
v -1.745000 1.360000 2.800000
v -1.761109 1.360000 2.838891
v -1.800000 1.360000 2.855000
v -1.838891 1.360000 2.838891
v -1.855000 1.360000 2.800000
v -1.838891 1.360000 2.761109
v -1.800000 1.360000 2.745000
v -1.761109 1.360000 2.761109
v -1.295000 0.740000 4.200000
v -1.311109 0.740000 4.238891
v -1.350000 0.740000 4.255000
v -1.388891 0.740000 4.238891
v -1.405000 0.740000 4.200000
v -1.388891 0.740000 4.161109
v -1.350000 0.740000 4.145000
v -1.311109 0.740000 4.161109
v -1.295000 1.360000 4.200000
v -1.311109 1.360000 4.238891
v -1.350000 1.360000 4.255000
v -1.388891 1.360000 4.238891
v -1.405000 1.360000 4.200000
v -1.388891 1.360000 4.161109
v -1.350000 1.360000 4.145000
v -1.311109 1.360000 4.161109
v 1.605000 0.740000 -3.800000
v 1.588891 0.740000 -3.761109
v 1.550000 0.740000 -3.745000
v 1.511109 0.740000 -3.761109
v 1.495000 0.740000 -3.800000
v 1.511109 0.740000 -3.838891
v 1.550000 0.740000 -3.855000
v 1.588891 0.740000 -3.838891
v 1.605000 1.360000 -3.800000
v 1.588891 1.360000 -3.761109
v 1.550000 1.360000 -3.745000
v 1.511109 1.360000 -3.761109
v 1.495000 1.360000 -3.800000
v 1.511109 1.360000 -3.838891
v 1.550000 1.360000 -3.855000
v 1.588891 1.360000 -3.838891
v 1.885000 0.740000 -2.200000
v 1.868891 0.740000 -2.161109
v 1.830000 0.740000 -2.145000
v 1.791109 0.740000 -2.161109
v 1.775000 0.740000 -2.200000
v 1.791109 0.740000 -2.238891
v 1.830000 0.740000 -2.255000
v 1.868891 0.740000 -2.238891
v 1.885000 1.360000 -2.200000
v 1.868891 1.360000 -2.161109
v 1.830000 1.360000 -2.145000
v 1.791109 1.360000 -2.161109
v 1.775000 1.360000 -2.200000
v 1.791109 1.360000 -2.238891
v 1.830000 1.360000 -2.255000
v 1.868891 1.360000 -2.238891
v 2.055000 0.740000 -0.500000
v 2.038891 0.740000 -0.461109
v 2.000000 0.740000 -0.445000
v 1.961109 0.740000 -0.461109
v 1.945000 0.740000 -0.500000
v 1.961109 0.740000 -0.538891
v 2.000000 0.740000 -0.555000
v 2.038891 0.740000 -0.538891
v 2.055000 1.360000 -0.500000
v 2.038891 1.360000 -0.461109
v 2.000000 1.360000 -0.445000
v 1.961109 1.360000 -0.461109
v 1.945000 1.360000 -0.500000
v 1.961109 1.360000 -0.538891
v 2.000000 1.360000 -0.555000
v 2.038891 1.360000 -0.538891
v 2.055000 0.740000 1.200000
v 2.038891 0.740000 1.238891
v 2.000000 0.740000 1.255000
v 1.961109 0.740000 1.238891
v 1.945000 0.740000 1.200000
v 1.961109 0.740000 1.161109
v 2.000000 0.740000 1.145000
v 2.038891 0.740000 1.161109
v 2.055000 1.360000 1.200000
v 2.038891 1.360000 1.238891
v 2.000000 1.360000 1.255000
v 1.961109 1.360000 1.238891
v 1.945000 1.360000 1.200000
v 1.961109 1.360000 1.161109
v 2.000000 1.360000 1.145000
v 2.038891 1.360000 1.161109
v 1.855000 0.740000 2.800000
v 1.838891 0.740000 2.838891
v 1.800000 0.740000 2.855000
v 1.761109 0.740000 2.838891
v 1.745000 0.740000 2.800000
v 1.761109 0.740000 2.761109
v 1.800000 0.740000 2.745000
v 1.838891 0.740000 2.761109
v 1.855000 1.360000 2.800000
v 1.838891 1.360000 2.838891
v 1.800000 1.360000 2.855000
v 1.761109 1.360000 2.838891
v 1.745000 1.360000 2.800000
v 1.761109 1.360000 2.761109
v 1.800000 1.360000 2.745000
v 1.838891 1.360000 2.761109
v 1.405000 0.740000 4.200000
v 1.388891 0.740000 4.238891
v 1.350000 0.740000 4.255000
v 1.311109 0.740000 4.238891
v 1.295000 0.740000 4.200000
v 1.311109 0.740000 4.161109
v 1.350000 0.740000 4.145000
v 1.388891 0.740000 4.161109
v 1.405000 1.360000 4.200000
v 1.388891 1.360000 4.238891
v 1.350000 1.360000 4.255000
v 1.311109 1.360000 4.238891
v 1.295000 1.360000 4.200000
v 1.311109 1.360000 4.161109
v 1.350000 1.360000 4.145000
v 1.388891 1.360000 4.161109
v -1.523404 1.330000 -3.795346
v -1.533418 1.351109 -3.797098
v -1.555918 1.356323 -3.801036
v -1.573962 1.341715 -3.804193
v -1.573962 1.318285 -3.804193
v -1.555918 1.303677 -3.801036
v -1.533418 1.308891 -3.797098
v -1.803404 1.330000 -2.195346
v -1.813418 1.351109 -2.197098
v -1.835918 1.356323 -2.201036
v -1.853962 1.341715 -2.204193
v -1.853962 1.318285 -2.204193
v -1.835918 1.303677 -2.201036
v -1.813418 1.308891 -2.197098
v -1.803134 1.330000 -2.197313
v -1.813249 1.351109 -2.198325
v -1.835978 1.356323 -2.200598
v -1.854205 1.341715 -2.202421
v -1.854205 1.318285 -2.202421
v -1.835978 1.303677 -2.200598
v -1.813249 1.308891 -2.198325
v -1.973134 1.330000 -0.497313
v -1.983249 1.351109 -0.498325
v -2.005978 1.356323 -0.500598
v -2.024205 1.341715 -0.502421
v -2.024205 1.318285 -0.502421
v -2.005978 1.303677 -0.500598
v -1.983249 1.308891 -0.498325
v -1.973000 1.330000 -0.500000
v -1.983166 1.351109 -0.500000
v -2.006008 1.356323 -0.500000
v -2.024326 1.341715 -0.500000
v -2.024326 1.318285 -0.500000
v -2.006008 1.303677 -0.500000
v -1.983166 1.308891 -0.500000
v -1.973000 1.330000 1.200000
v -1.983166 1.351109 1.200000
v -2.006008 1.356323 1.200000
v -2.024326 1.341715 1.200000
v -2.024326 1.318285 1.200000
v -2.006008 1.303677 1.200000
v -1.983166 1.308891 1.200000
v -1.973208 1.330000 1.196651
v -1.983296 1.351109 1.197912
v -2.005962 1.356323 1.200745
v -2.024138 1.341715 1.203017
v -2.024138 1.318285 1.203017
v -2.005962 1.303677 1.200745
v -1.983296 1.308891 1.197912
v -1.773208 1.330000 2.796651
v -1.783296 1.351109 2.797912
v -1.805962 1.356323 2.800745
v -1.824138 1.341715 2.803017
v -1.824138 1.318285 2.803017
v -1.805962 1.303677 2.800745
v -1.783296 1.308891 2.797912
v -1.774295 1.330000 2.791738
v -1.783973 1.351109 2.794849
v -1.805720 1.356323 2.801839
v -1.823159 1.341715 2.807444
v -1.823159 1.318285 2.807444
v -1.805720 1.303677 2.801839
v -1.783973 1.308891 2.794849
v -1.324295 1.330000 4.191738
v -1.333973 1.351109 4.194849
v -1.355720 1.356323 4.201839
v -1.373159 1.341715 4.207444
v -1.373159 1.318285 4.207444
v -1.355720 1.303677 4.201839
v -1.333973 1.308891 4.194849
v 1.576596 1.330000 -3.804654
v 1.566582 1.351109 -3.802902
v 1.544082 1.356323 -3.798964
v 1.526038 1.341715 -3.795807
v 1.526038 1.318285 -3.795807
v 1.544082 1.303677 -3.798964
v 1.566582 1.308891 -3.802902
v 1.856596 1.330000 -2.204654
v 1.846582 1.351109 -2.202902
v 1.824082 1.356323 -2.198964
v 1.806038 1.341715 -2.195807
v 1.806038 1.318285 -2.195807
v 1.824082 1.303677 -2.198964
v 1.846582 1.308891 -2.202902
v 1.856866 1.330000 -2.202687
v 1.846751 1.351109 -2.201675
v 1.824022 1.356323 -2.199402
v 1.805795 1.341715 -2.197579
v 1.805795 1.318285 -2.197579
v 1.824022 1.303677 -2.199402
v 1.846751 1.308891 -2.201675
v 2.026866 1.330000 -0.502687
v 2.016751 1.351109 -0.501675
v 1.994022 1.356323 -0.499402
v 1.975795 1.341715 -0.497579
v 1.975795 1.318285 -0.497579
v 1.994022 1.303677 -0.499402
v 2.016751 1.308891 -0.501675
v 2.027000 1.330000 -0.500000
v 2.016834 1.351109 -0.500000
v 1.993992 1.356323 -0.500000
v 1.975674 1.341715 -0.500000
v 1.975674 1.318285 -0.500000
v 1.993992 1.303677 -0.500000
v 2.016834 1.308891 -0.500000
v 2.027000 1.330000 1.200000
v 2.016834 1.351109 1.200000
v 1.993992 1.356323 1.200000
v 1.975674 1.341715 1.200000
v 1.975674 1.318285 1.200000
v 1.993992 1.303677 1.200000
v 2.016834 1.308891 1.200000
v 2.026792 1.330000 1.203349
v 2.016704 1.351109 1.202088
v 1.994038 1.356323 1.199255
v 1.975862 1.341715 1.196983
v 1.975862 1.318285 1.196983
v 1.994038 1.303677 1.199255
v 2.016704 1.308891 1.202088
v 1.826792 1.330000 2.803349
v 1.816704 1.351109 2.802088
v 1.794038 1.356323 2.799255
v 1.775862 1.341715 2.796983
v 1.775862 1.318285 2.796983
v 1.794038 1.303677 2.799255
v 1.816704 1.308891 2.802088
v 1.825705 1.330000 2.808262
v 1.816027 1.351109 2.805151
v 1.794280 1.356323 2.798161
v 1.776841 1.341715 2.792556
v 1.776841 1.318285 2.792556
v 1.794280 1.303677 2.798161
v 1.816027 1.308891 2.805151
v 1.375705 1.330000 4.208262
v 1.366027 1.351109 4.205151
v 1.344280 1.356323 4.198161
v 1.326841 1.341715 4.192556
v 1.326841 1.318285 4.192556
v 1.344280 1.303677 4.198161
v 1.366027 1.308891 4.205151
v -1.300000 0.660000 -4.550000
v -1.480000 0.660000 -4.350000
v -1.480000 0.660000 -3.350000
v -1.250000 0.660000 -3.050000
v 1.250000 0.660000 -3.050000
v 1.480000 0.660000 -3.350000
v 1.480000 0.660000 -4.350000
v 1.300000 0.660000 -4.550000
v -1.300000 1.480000 -4.550000
v -1.480000 1.480000 -4.350000
v -1.480000 1.480000 -3.350000
v -1.250000 1.480000 -3.050000
v 1.250000 1.480000 -3.050000
v 1.480000 1.480000 -3.350000
v 1.480000 1.480000 -4.350000
v 1.300000 1.480000 -4.550000
v -1.350000 1.120000 -3.005000
v 1.350000 1.120000 -3.005000
v 1.350000 1.240000 -3.005000
v -1.350000 1.240000 -3.005000
v -1.350000 1.120000 -2.925000
v 1.350000 1.120000 -2.925000
v 1.350000 1.240000 -2.925000
v -1.350000 1.240000 -2.925000
v -1.350000 1.120000 -4.775000
v 1.350000 1.120000 -4.775000
v 1.350000 1.240000 -4.775000
v -1.350000 1.240000 -4.775000
v -1.350000 1.120000 -4.695000
v 1.350000 1.120000 -4.695000
v 1.350000 1.240000 -4.695000
v -1.350000 1.240000 -4.695000
v -1.620000 1.480000 -4.680000
v -1.296000 1.577200 -4.680000
v -0.972000 1.652800 -4.680000
v -0.648000 1.706800 -4.680000
v -0.324000 1.739200 -4.680000
v 0.000000 1.750000 -4.680000
v 0.324000 1.739200 -4.680000
v 0.648000 1.706800 -4.680000
v 0.972000 1.652800 -4.680000
v 1.296000 1.577200 -4.680000
v 1.620000 1.480000 -4.680000
v -1.620000 1.480000 -3.900000
v -1.296000 1.577200 -3.900000
v -0.972000 1.652800 -3.900000
v -0.648000 1.706800 -3.900000
v -0.324000 1.739200 -3.900000
v 0.000000 1.750000 -3.900000
v 0.324000 1.739200 -3.900000
v 0.648000 1.706800 -3.900000
v 0.972000 1.652800 -3.900000
v 1.296000 1.577200 -3.900000
v 1.620000 1.480000 -3.900000
v -1.620000 1.480000 -3.120000
v -1.296000 1.577200 -3.120000
v -0.972000 1.652800 -3.120000
v -0.648000 1.706800 -3.120000
v -0.324000 1.739200 -3.120000
v 0.000000 1.750000 -3.120000
v 0.324000 1.739200 -3.120000
v 0.648000 1.706800 -3.120000
v 0.972000 1.652800 -3.120000
v 1.296000 1.577200 -3.120000
v 1.620000 1.480000 -3.120000
v 0.200000 0.505000 0.350000
v 0.187939 0.505000 0.418404
v 0.153209 0.505000 0.478558
v 0.100000 0.505000 0.523205
v 0.034730 0.505000 0.546962
v -0.034730 0.505000 0.546962
v -0.100000 0.505000 0.523205
v -0.153209 0.505000 0.478558
v -0.187939 0.505000 0.418404
v -0.200000 0.505000 0.350000
v -0.187939 0.505000 0.281596
v -0.153209 0.505000 0.221442
v -0.100000 0.505000 0.176795
v -0.034730 0.505000 0.153038
v 0.034730 0.505000 0.153038
v 0.100000 0.505000 0.176795
v 0.153209 0.505000 0.221442
v 0.187939 0.505000 0.281596
v 0.200000 7.855000 0.350000
v 0.187939 7.855000 0.418404
v 0.153209 7.855000 0.478558
v 0.100000 7.855000 0.523205
v 0.034730 7.855000 0.546962
v -0.034730 7.855000 0.546962
v -0.100000 7.855000 0.523205
v -0.153209 7.855000 0.478558
v -0.187939 7.855000 0.418404
v -0.200000 7.855000 0.350000
v -0.187939 7.855000 0.281596
v -0.153209 7.855000 0.221442
v -0.100000 7.855000 0.176795
v -0.034730 7.855000 0.153038
v 0.034730 7.855000 0.153038
v 0.100000 7.855000 0.176795
v 0.153209 7.855000 0.221442
v 0.187939 7.855000 0.281596
v -2.675000 5.880000 0.530000
v -2.675000 5.936405 0.517126
v -2.675000 5.981638 0.481054
v -2.675000 6.006741 0.428928
v -2.675000 6.006741 0.371072
v -2.675000 5.981638 0.318946
v -2.675000 5.936405 0.282874
v -2.675000 5.880000 0.270000
v -2.675000 5.823595 0.282874
v -2.675000 5.778362 0.318946
v -2.675000 5.753259 0.371072
v -2.675000 5.753259 0.428928
v -2.675000 5.778362 0.481054
v -2.675000 5.823595 0.517126
v 2.675000 5.880000 0.530000
v 2.675000 5.936405 0.517126
v 2.675000 5.981638 0.481054
v 2.675000 6.006741 0.428928
v 2.675000 6.006741 0.371072
v 2.675000 5.981638 0.318946
v 2.675000 5.936405 0.282874
v 2.675000 5.880000 0.270000
v 2.675000 5.823595 0.282874
v 2.675000 5.778362 0.318946
v 2.675000 5.753259 0.371072
v 2.675000 5.753259 0.428928
v 2.675000 5.778362 0.481054
v 2.675000 5.823595 0.517126
v -0.023348 7.750000 0.358936
v -0.020485 7.760347 0.340084
v -0.002196 7.762902 0.328699
v 0.017747 7.755742 0.333354
v 0.024326 7.744258 0.350544
v 0.012587 7.737098 0.367324
v -0.008630 7.739653 0.371059
v -1.573348 0.800000 -3.691064
v -1.570485 0.810347 -3.709916
v -1.552196 0.812902 -3.721301
v -1.532253 0.805742 -3.716646
v -1.525674 0.794258 -3.699456
v -1.537413 0.787098 -3.682676
v -1.558630 0.789653 -3.678941
v -0.023348 7.750000 0.341064
v -0.008630 7.760347 0.328941
v 0.012587 7.762902 0.332676
v 0.024326 7.755742 0.349456
v 0.017747 7.744258 0.366646
v -0.002196 7.737098 0.371301
v -0.020485 7.739653 0.359916
v 1.526652 0.800000 -3.708936
v 1.541370 0.810347 -3.721059
v 1.562587 0.812902 -3.717324
v 1.574326 0.805742 -3.700544
v 1.567747 0.794258 -3.683354
v 1.547804 0.787098 -3.678699
v 1.529515 0.789653 -3.690084
v 0.025000 7.750000 0.350000
v 0.015587 7.762265 0.365218
v -0.005563 7.765295 0.368977
v -0.022524 7.756807 0.358446
v -0.022524 7.743193 0.341554
v -0.005563 7.734705 0.331023
v 0.015587 7.737735 0.334782
v 0.025000 1.050000 5.750000
v 0.015587 1.062265 5.765218
v -0.005563 1.065295 5.768977
v -0.022524 1.056807 5.758446
v -0.022524 1.043193 5.741554
v -0.005563 1.034705 5.731023
v 0.015587 1.037735 5.734782
v -2.620000 5.873358 0.375899
v -2.600687 5.878756 0.384174
v -2.595917 5.885091 0.404367
v -2.609282 5.887592 0.421272
v -2.630718 5.884376 0.422158
v -2.644083 5.877865 0.406359
v -2.639313 5.872961 0.385771
v -1.800000 0.793358 1.775899
v -1.780687 0.798756 1.784174
v -1.775917 0.805091 1.804367
v -1.789282 0.807592 1.821272
v -1.810718 0.804376 1.822158
v -1.824083 0.797865 1.806359
v -1.819313 0.792961 1.785771
v 2.620000 5.873358 0.375899
v 2.639313 5.872961 0.385771
v 2.644083 5.877865 0.406359
v 2.630718 5.884376 0.422158
v 2.609282 5.887592 0.421272
v 2.595917 5.885091 0.404367
v 2.600687 5.878756 0.384174
v 1.800000 0.793358 1.775899
v 1.819313 0.792961 1.785771
v 1.824083 0.797865 1.806359
v 1.810718 0.804376 1.822158
v 1.789282 0.807592 1.821272
v 1.775917 0.805091 1.804367
v 1.780687 0.798756 1.784174
v -1.720000 2.280000 0.520000
v -1.376000 2.280000 0.562274
v -1.032000 2.280000 0.595153
v -0.688000 2.280000 0.618638
v -0.344000 2.280000 0.632729
v 0.000000 2.280000 0.637426
v 0.344000 2.280000 0.632729
v 0.688000 2.280000 0.618638
v 1.032000 2.280000 0.595153
v 1.376000 2.280000 0.562274
v 1.720000 2.280000 0.520000
v -1.788883 2.710000 0.520000
v -1.431106 2.710000 0.600409
v -1.073330 2.710000 0.662949
v -0.715553 2.710000 0.707621
v -0.357777 2.710000 0.734424
v 0.000000 2.710000 0.743358
v 0.357777 2.710000 0.734424
v 0.715553 2.710000 0.707621
v 1.073330 2.710000 0.662949
v 1.431106 2.710000 0.600409
v 1.788883 2.710000 0.520000
v -1.847279 3.140000 0.520000
v -1.477823 3.140000 0.630674
v -1.108368 3.140000 0.716753
v -0.738912 3.140000 0.778238
v -0.369456 3.140000 0.815129
v 0.000000 3.140000 0.827426
v 0.369456 3.140000 0.815129
v 0.738912 3.140000 0.778238
v 1.108368 3.140000 0.716753
v 1.477823 3.140000 0.630674
v 1.847279 3.140000 0.520000
v -1.886298 3.570000 0.520000
v -1.509039 3.570000 0.650105
v -1.131779 3.570000 0.751297
v -0.754519 3.570000 0.823577
v -0.377260 3.570000 0.866945
v -0.000000 3.570000 0.881401
v 0.377260 3.570000 0.866945
v 0.754519 3.570000 0.823577
v 1.131779 3.570000 0.751297
v 1.509039 3.570000 0.650105
v 1.886298 3.570000 0.520000
v -1.900000 4.000000 0.520000
v -1.520000 4.000000 0.656800
v -1.140000 4.000000 0.763200
v -0.760000 4.000000 0.839200
v -0.380000 4.000000 0.884800
v 0.000000 4.000000 0.900000
v 0.380000 4.000000 0.884800
v 0.760000 4.000000 0.839200
v 1.140000 4.000000 0.763200
v 1.520000 4.000000 0.656800
v 1.900000 4.000000 0.520000
v -1.886298 4.430000 0.520000
v -1.509039 4.430000 0.650105
v -1.131779 4.430000 0.751297
v -0.754519 4.430000 0.823577
v -0.377260 4.430000 0.866945
v -0.000000 4.430000 0.881401
v 0.377260 4.430000 0.866945
v 0.754519 4.430000 0.823577
v 1.131779 4.430000 0.751297
v 1.509039 4.430000 0.650105
v 1.886298 4.430000 0.520000
v -1.847279 4.860000 0.520000
v -1.477823 4.860000 0.630674
v -1.108368 4.860000 0.716753
v -0.738912 4.860000 0.778238
v -0.369456 4.860000 0.815129
v 0.000000 4.860000 0.827426
v 0.369456 4.860000 0.815129
v 0.738912 4.860000 0.778238
v 1.108368 4.860000 0.716753
v 1.477823 4.860000 0.630674
v 1.847279 4.860000 0.520000
v -1.788883 5.290000 0.520000
v -1.431106 5.290000 0.600409
v -1.073330 5.290000 0.662949
v -0.715553 5.290000 0.707621
v -0.357777 5.290000 0.734424
v 0.000000 5.290000 0.743358
v 0.357777 5.290000 0.734424
v 0.715553 5.290000 0.707621
v 1.073330 5.290000 0.662949
v 1.431106 5.290000 0.600409
v 1.788883 5.290000 0.520000
v -1.720000 5.720000 0.520000
v -1.376000 5.720000 0.562274
v -1.032000 5.720000 0.595153
v -0.688000 5.720000 0.618638
v -0.344000 5.720000 0.632729
v 0.000000 5.720000 0.637426
v 0.344000 5.720000 0.632729
v 0.688000 5.720000 0.618638
v 1.032000 5.720000 0.595153
v 1.376000 5.720000 0.562274
v 1.720000 5.720000 0.520000
v -1.700000 2.330000 0.907500
v 1.700000 2.330000 0.907500
v 1.700000 2.510000 0.907500
v -1.700000 2.510000 0.907500
v -1.700000 2.330000 0.952500
v 1.700000 2.330000 0.952500
v 1.700000 2.510000 0.952500
v -1.700000 2.510000 0.952500
v -1.700000 5.490000 0.907500
v 1.700000 5.490000 0.907500
v 1.700000 5.670000 0.907500
v -1.700000 5.670000 0.907500
v -1.700000 5.490000 0.952500
v 1.700000 5.490000 0.952500
v 1.700000 5.670000 0.952500
v -1.700000 5.670000 0.952500
v -1.540000 2.220000 0.935000
v -1.360000 2.220000 0.935000
v -1.360000 2.620000 0.935000
v -1.540000 2.620000 0.935000
v -1.540000 2.220000 0.985000
v -1.360000 2.220000 0.985000
v -1.360000 2.620000 0.985000
v -1.540000 2.620000 0.985000
v -1.090000 2.220000 0.935000
v -0.910000 2.220000 0.935000
v -0.910000 2.620000 0.935000
v -1.090000 2.620000 0.935000
v -1.090000 2.220000 0.985000
v -0.910000 2.220000 0.985000
v -0.910000 2.620000 0.985000
v -1.090000 2.620000 0.985000
v -0.640000 2.220000 0.935000
v -0.460000 2.220000 0.935000
v -0.460000 2.620000 0.935000
v -0.640000 2.620000 0.935000
v -0.640000 2.220000 0.985000
v -0.460000 2.220000 0.985000
v -0.460000 2.620000 0.985000
v -0.640000 2.620000 0.985000
v 0.460000 2.220000 0.935000
v 0.640000 2.220000 0.935000
v 0.640000 2.620000 0.935000
v 0.460000 2.620000 0.935000
v 0.460000 2.220000 0.985000
v 0.640000 2.220000 0.985000
v 0.640000 2.620000 0.985000
v 0.460000 2.620000 0.985000
v 0.910000 2.220000 0.935000
v 1.090000 2.220000 0.935000
v 1.090000 2.620000 0.935000
v 0.910000 2.620000 0.935000
v 0.910000 2.220000 0.985000
v 1.090000 2.220000 0.985000
v 1.090000 2.620000 0.985000
v 0.910000 2.620000 0.985000
v 1.360000 2.220000 0.935000
v 1.540000 2.220000 0.935000
v 1.540000 2.620000 0.935000
v 1.360000 2.620000 0.935000
v 1.360000 2.220000 0.985000
v 1.540000 2.220000 0.985000
v 1.540000 2.620000 0.985000
v 1.360000 2.620000 0.985000
v -0.140000 3.070000 0.955000
v 0.140000 3.070000 0.955000
v 0.140000 4.970000 0.955000
v -0.140000 4.970000 0.955000
v -0.140000 3.070000 1.005000
v 0.140000 3.070000 1.005000
v 0.140000 4.970000 1.005000
v -0.140000 4.970000 1.005000
v -0.825000 3.890000 0.975000
v 0.825000 3.890000 0.975000
v 0.825000 4.150000 0.975000
v -0.825000 4.150000 0.975000
v -0.825000 3.890000 1.025000
v 0.825000 3.890000 1.025000
v 0.825000 4.150000 1.025000
v -0.825000 4.150000 1.025000
v -0.680000 3.340000 0.930000
v -0.724227 3.384227 0.960121
v -0.735150 3.395150 1.027802
v -0.704544 3.364544 1.082078
v -0.655456 3.315456 1.082078
v -0.624850 3.284850 1.027802
v -0.635773 3.295773 0.960121
v 0.680000 4.700000 0.930000
v 0.635773 4.744227 0.960121
v 0.624850 4.755150 1.027802
v 0.655456 4.724544 1.082078
v 0.704544 4.675456 1.082078
v 0.735150 4.644850 1.027802
v 0.724227 4.655773 0.960121
v 0.680000 3.340000 1.100000
v 0.724227 3.384227 1.069879
v 0.735150 3.395150 1.002198
v 0.704544 3.364544 0.947922
v 0.655456 3.315456 0.947922
v 0.624850 3.284850 1.002198
v 0.635773 3.295773 1.069879
v -0.680000 4.700000 1.100000
v -0.635773 4.744227 1.069879
v -0.624850 4.755150 1.002198
v -0.655456 4.724544 0.947922
v -0.704544 4.675456 0.947922
v -0.735150 4.644850 1.002198
v -0.724227 4.655773 1.069879
v -0.090000 -0.825000 -6.125000
v 0.090000 -0.825000 -6.125000
v 0.090000 0.525000 -6.125000
v -0.090000 0.525000 -6.125000
v -0.090000 -0.825000 -4.975000
v 0.090000 -0.825000 -4.975000
v 0.090000 0.525000 -4.975000
v -0.090000 0.525000 -4.975000
v 0.100000 0.920000 5.100000
v 0.080902 0.977971 5.090293
v 0.030902 1.013800 5.084294
v -0.030902 1.013800 5.084294
v -0.080902 0.977971 5.090293
v -0.100000 0.920000 5.100000
v -0.080902 0.862029 5.109707
v -0.030902 0.826200 5.115706
v 0.030902 0.826200 5.115706
v 0.080902 0.862029 5.109707
v 0.100000 1.280000 7.250000
v 0.080902 1.337971 7.240293
v 0.030902 1.373800 7.234294
v -0.030902 1.373800 7.234294
v -0.080902 1.337971 7.240293
v -0.100000 1.280000 7.250000
v -0.080902 1.222029 7.259707
v -0.030902 1.186200 7.265706
v 0.030902 1.186200 7.265706
v 0.080902 1.222029 7.259707
v 0.120000 0.250000 5.550000
v 0.097082 0.287665 5.490364
v 0.037082 0.310943 5.453507
v -0.037082 0.310943 5.453507
v -0.097082 0.287665 5.490364
v -0.120000 0.250000 5.550000
v -0.097082 0.212335 5.609636
v -0.037082 0.189057 5.646493
v 0.037082 0.189057 5.646493
v 0.097082 0.212335 5.609636
v 0.120000 1.200000 6.150000
v 0.097082 1.237665 6.090364
v 0.037082 1.260943 6.053507
v -0.037082 1.260943 6.053507
v -0.097082 1.237665 6.090364
v -0.120000 1.200000 6.150000
v -0.097082 1.162335 6.209636
v -0.037082 1.139057 6.246493
v 0.037082 1.139057 6.246493
v 0.097082 1.162335 6.209636
v 0.120000 1.200000 6.150000
v 0.097082 1.253082 6.103553
v 0.037082 1.285889 6.074847
v -0.037082 1.285889 6.074847
v -0.097082 1.253082 6.103553
v -0.120000 1.200000 6.150000
v -0.097082 1.146918 6.196447
v -0.037082 1.114111 6.225153
v 0.037082 1.114111 6.225153
v 0.097082 1.146918 6.196447
v 0.120000 1.550000 6.550000
v 0.097082 1.603082 6.503553
v 0.037082 1.635889 6.474847
v -0.037082 1.635889 6.474847
v -0.097082 1.603082 6.503553
v -0.120000 1.550000 6.550000
v -0.097082 1.496918 6.596447
v -0.037082 1.464111 6.625153
v 0.037082 1.464111 6.625153
v 0.097082 1.496918 6.596447
v -0.250000 1.510000 6.460000
v 0.250000 1.510000 6.460000
v 0.250000 1.730000 6.460000
v -0.250000 1.730000 6.460000
v -0.250000 1.510000 6.880000
v 0.250000 1.510000 6.880000
v 0.250000 1.730000 6.880000
v -0.250000 1.730000 6.880000
v -0.360000 1.720000 6.760000
v 0.360000 1.720000 6.760000
v 0.360000 1.820000 6.760000
v -0.360000 1.820000 6.760000
v -0.360000 1.720000 6.940000
v 0.360000 1.720000 6.940000
v 0.360000 1.820000 6.940000
v -0.360000 1.820000 6.940000
v -2.080000 0.760000 -1.770000
v -2.080000 0.892877 -1.791046
v -2.080000 1.012748 -1.852123
v -2.080000 1.107877 -1.947252
v -2.080000 1.168954 -2.067123
v -2.080000 1.190000 -2.200000
v -2.080000 1.168954 -2.332877
v -2.080000 1.107877 -2.452748
v -2.080000 1.012748 -2.547877
v -2.080000 0.892877 -2.608954
v -2.080000 0.760000 -2.630000
v -2.080000 0.627123 -2.608954
v -2.080000 0.507252 -2.547877
v -2.080000 0.412123 -2.452748
v -2.080000 0.351046 -2.332877
v -2.080000 0.330000 -2.200000
v -2.080000 0.351046 -2.067123
v -2.080000 0.412123 -1.947252
v -2.080000 0.507252 -1.852123
v -2.080000 0.627123 -1.791046
v -1.980000 0.760000 -1.770000
v -1.980000 0.892877 -1.791046
v -1.980000 1.012748 -1.852123
v -1.980000 1.107877 -1.947252
v -1.980000 1.168954 -2.067123
v -1.980000 1.190000 -2.200000
v -1.980000 1.168954 -2.332877
v -1.980000 1.107877 -2.452748
v -1.980000 1.012748 -2.547877
v -1.980000 0.892877 -2.608954
v -1.980000 0.760000 -2.630000
v -1.980000 0.627123 -2.608954
v -1.980000 0.507252 -2.547877
v -1.980000 0.412123 -2.452748
v -1.980000 0.351046 -2.332877
v -1.980000 0.330000 -2.200000
v -1.980000 0.351046 -2.067123
v -1.980000 0.412123 -1.947252
v -1.980000 0.507252 -1.852123
v -1.980000 0.627123 -1.791046
v -2.080000 0.760000 0.430000
v -2.080000 0.892877 0.408954
v -2.080000 1.012748 0.347877
v -2.080000 1.107877 0.252748
v -2.080000 1.168954 0.132877
v -2.080000 1.190000 0.000000
v -2.080000 1.168954 -0.132877
v -2.080000 1.107877 -0.252748
v -2.080000 1.012748 -0.347877
v -2.080000 0.892877 -0.408954
v -2.080000 0.760000 -0.430000
v -2.080000 0.627123 -0.408954
v -2.080000 0.507252 -0.347877
v -2.080000 0.412123 -0.252748
v -2.080000 0.351046 -0.132877
v -2.080000 0.330000 -0.000000
v -2.080000 0.351046 0.132877
v -2.080000 0.412123 0.252748
v -2.080000 0.507252 0.347877
v -2.080000 0.627123 0.408954
v -1.980000 0.760000 0.430000
v -1.980000 0.892877 0.408954
v -1.980000 1.012748 0.347877
v -1.980000 1.107877 0.252748
v -1.980000 1.168954 0.132877
v -1.980000 1.190000 0.000000
v -1.980000 1.168954 -0.132877
v -1.980000 1.107877 -0.252748
v -1.980000 1.012748 -0.347877
v -1.980000 0.892877 -0.408954
v -1.980000 0.760000 -0.430000
v -1.980000 0.627123 -0.408954
v -1.980000 0.507252 -0.347877
v -1.980000 0.412123 -0.252748
v -1.980000 0.351046 -0.132877
v -1.980000 0.330000 -0.000000
v -1.980000 0.351046 0.132877
v -1.980000 0.412123 0.252748
v -1.980000 0.507252 0.347877
v -1.980000 0.627123 0.408954
v -2.080000 0.760000 2.630000
v -2.080000 0.892877 2.608954
v -2.080000 1.012748 2.547877
v -2.080000 1.107877 2.452748
v -2.080000 1.168954 2.332877
v -2.080000 1.190000 2.200000
v -2.080000 1.168954 2.067123
v -2.080000 1.107877 1.947252
v -2.080000 1.012748 1.852123
v -2.080000 0.892877 1.791046
v -2.080000 0.760000 1.770000
v -2.080000 0.627123 1.791046
v -2.080000 0.507252 1.852123
v -2.080000 0.412123 1.947252
v -2.080000 0.351046 2.067123
v -2.080000 0.330000 2.200000
v -2.080000 0.351046 2.332877
v -2.080000 0.412123 2.452748
v -2.080000 0.507252 2.547877
v -2.080000 0.627123 2.608954
v -1.980000 0.760000 2.630000
v -1.980000 0.892877 2.608954
v -1.980000 1.012748 2.547877
v -1.980000 1.107877 2.452748
v -1.980000 1.168954 2.332877
v -1.980000 1.190000 2.200000
v -1.980000 1.168954 2.067123
v -1.980000 1.107877 1.947252
v -1.980000 1.012748 1.852123
v -1.980000 0.892877 1.791046
v -1.980000 0.760000 1.770000
v -1.980000 0.627123 1.791046
v -1.980000 0.507252 1.852123
v -1.980000 0.412123 1.947252
v -1.980000 0.351046 2.067123
v -1.980000 0.330000 2.200000
v -1.980000 0.351046 2.332877
v -1.980000 0.412123 2.452748
v -1.980000 0.507252 2.547877
v -1.980000 0.627123 2.608954
v 1.980000 0.760000 -1.770000
v 1.980000 0.892877 -1.791046
v 1.980000 1.012748 -1.852123
v 1.980000 1.107877 -1.947252
v 1.980000 1.168954 -2.067123
v 1.980000 1.190000 -2.200000
v 1.980000 1.168954 -2.332877
v 1.980000 1.107877 -2.452748
v 1.980000 1.012748 -2.547877
v 1.980000 0.892877 -2.608954
v 1.980000 0.760000 -2.630000
v 1.980000 0.627123 -2.608954
v 1.980000 0.507252 -2.547877
v 1.980000 0.412123 -2.452748
v 1.980000 0.351046 -2.332877
v 1.980000 0.330000 -2.200000
v 1.980000 0.351046 -2.067123
v 1.980000 0.412123 -1.947252
v 1.980000 0.507252 -1.852123
v 1.980000 0.627123 -1.791046
v 2.080000 0.760000 -1.770000
v 2.080000 0.892877 -1.791046
v 2.080000 1.012748 -1.852123
v 2.080000 1.107877 -1.947252
v 2.080000 1.168954 -2.067123
v 2.080000 1.190000 -2.200000
v 2.080000 1.168954 -2.332877
v 2.080000 1.107877 -2.452748
v 2.080000 1.012748 -2.547877
v 2.080000 0.892877 -2.608954
v 2.080000 0.760000 -2.630000
v 2.080000 0.627123 -2.608954
v 2.080000 0.507252 -2.547877
v 2.080000 0.412123 -2.452748
v 2.080000 0.351046 -2.332877
v 2.080000 0.330000 -2.200000
v 2.080000 0.351046 -2.067123
v 2.080000 0.412123 -1.947252
v 2.080000 0.507252 -1.852123
v 2.080000 0.627123 -1.791046
v 1.980000 0.760000 0.430000
v 1.980000 0.892877 0.408954
v 1.980000 1.012748 0.347877
v 1.980000 1.107877 0.252748
v 1.980000 1.168954 0.132877
v 1.980000 1.190000 0.000000
v 1.980000 1.168954 -0.132877
v 1.980000 1.107877 -0.252748
v 1.980000 1.012748 -0.347877
v 1.980000 0.892877 -0.408954
v 1.980000 0.760000 -0.430000
v 1.980000 0.627123 -0.408954
v 1.980000 0.507252 -0.347877
v 1.980000 0.412123 -0.252748
v 1.980000 0.351046 -0.132877
v 1.980000 0.330000 -0.000000
v 1.980000 0.351046 0.132877
v 1.980000 0.412123 0.252748
v 1.980000 0.507252 0.347877
v 1.980000 0.627123 0.408954
v 2.080000 0.760000 0.430000
v 2.080000 0.892877 0.408954
v 2.080000 1.012748 0.347877
v 2.080000 1.107877 0.252748
v 2.080000 1.168954 0.132877
v 2.080000 1.190000 0.000000
v 2.080000 1.168954 -0.132877
v 2.080000 1.107877 -0.252748
v 2.080000 1.012748 -0.347877
v 2.080000 0.892877 -0.408954
v 2.080000 0.760000 -0.430000
v 2.080000 0.627123 -0.408954
v 2.080000 0.507252 -0.347877
v 2.080000 0.412123 -0.252748
v 2.080000 0.351046 -0.132877
v 2.080000 0.330000 -0.000000
v 2.080000 0.351046 0.132877
v 2.080000 0.412123 0.252748
v 2.080000 0.507252 0.347877
v 2.080000 0.627123 0.408954
v 1.980000 0.760000 2.630000
v 1.980000 0.892877 2.608954
v 1.980000 1.012748 2.547877
v 1.980000 1.107877 2.452748
v 1.980000 1.168954 2.332877
v 1.980000 1.190000 2.200000
v 1.980000 1.168954 2.067123
v 1.980000 1.107877 1.947252
v 1.980000 1.012748 1.852123
v 1.980000 0.892877 1.791046
v 1.980000 0.760000 1.770000
v 1.980000 0.627123 1.791046
v 1.980000 0.507252 1.852123
v 1.980000 0.412123 1.947252
v 1.980000 0.351046 2.067123
v 1.980000 0.330000 2.200000
v 1.980000 0.351046 2.332877
v 1.980000 0.412123 2.452748
v 1.980000 0.507252 2.547877
v 1.980000 0.627123 2.608954
v 2.080000 0.760000 2.630000
v 2.080000 0.892877 2.608954
v 2.080000 1.012748 2.547877
v 2.080000 1.107877 2.452748
v 2.080000 1.168954 2.332877
v 2.080000 1.190000 2.200000
v 2.080000 1.168954 2.067123
v 2.080000 1.107877 1.947252
v 2.080000 1.012748 1.852123
v 2.080000 0.892877 1.791046
v 2.080000 0.760000 1.770000
v 2.080000 0.627123 1.791046
v 2.080000 0.507252 1.852123
v 2.080000 0.412123 1.947252
v 2.080000 0.351046 2.067123
v 2.080000 0.330000 2.200000
v 2.080000 0.351046 2.332877
v 2.080000 0.412123 2.452748
v 2.080000 0.507252 2.547877
v 2.080000 0.627123 2.608954
v -2.155000 0.760000 -2.080000
v -2.155000 0.820000 -2.096077
v -2.155000 0.863923 -2.140000
v -2.155000 0.880000 -2.200000
v -2.155000 0.863923 -2.260000
v -2.155000 0.820000 -2.303923
v -2.155000 0.760000 -2.320000
v -2.155000 0.700000 -2.303923
v -2.155000 0.656077 -2.260000
v -2.155000 0.640000 -2.200000
v -2.155000 0.656077 -2.140000
v -2.155000 0.700000 -2.096077
v -2.035000 0.760000 -2.080000
v -2.035000 0.820000 -2.096077
v -2.035000 0.863923 -2.140000
v -2.035000 0.880000 -2.200000
v -2.035000 0.863923 -2.260000
v -2.035000 0.820000 -2.303923
v -2.035000 0.760000 -2.320000
v -2.035000 0.700000 -2.303923
v -2.035000 0.656077 -2.260000
v -2.035000 0.640000 -2.200000
v -2.035000 0.656077 -2.140000
v -2.035000 0.700000 -2.096077
v -2.155000 0.760000 0.120000
v -2.155000 0.820000 0.103923
v -2.155000 0.863923 0.060000
v -2.155000 0.880000 0.000000
v -2.155000 0.863923 -0.060000
v -2.155000 0.820000 -0.103923
v -2.155000 0.760000 -0.120000
v -2.155000 0.700000 -0.103923
v -2.155000 0.656077 -0.060000
v -2.155000 0.640000 -0.000000
v -2.155000 0.656077 0.060000
v -2.155000 0.700000 0.103923
v -2.035000 0.760000 0.120000
v -2.035000 0.820000 0.103923
v -2.035000 0.863923 0.060000
v -2.035000 0.880000 0.000000
v -2.035000 0.863923 -0.060000
v -2.035000 0.820000 -0.103923
v -2.035000 0.760000 -0.120000
v -2.035000 0.700000 -0.103923
v -2.035000 0.656077 -0.060000
v -2.035000 0.640000 -0.000000
v -2.035000 0.656077 0.060000
v -2.035000 0.700000 0.103923
v -2.155000 0.760000 2.320000
v -2.155000 0.820000 2.303923
v -2.155000 0.863923 2.260000
v -2.155000 0.880000 2.200000
v -2.155000 0.863923 2.140000
v -2.155000 0.820000 2.096077
v -2.155000 0.760000 2.080000
v -2.155000 0.700000 2.096077
v -2.155000 0.656077 2.140000
v -2.155000 0.640000 2.200000
v -2.155000 0.656077 2.260000
v -2.155000 0.700000 2.303923
v -2.035000 0.760000 2.320000
v -2.035000 0.820000 2.303923
v -2.035000 0.863923 2.260000
v -2.035000 0.880000 2.200000
v -2.035000 0.863923 2.140000
v -2.035000 0.820000 2.096077
v -2.035000 0.760000 2.080000
v -2.035000 0.700000 2.096077
v -2.035000 0.656077 2.140000
v -2.035000 0.640000 2.200000
v -2.035000 0.656077 2.260000
v -2.035000 0.700000 2.303923
v 2.035000 0.760000 -2.080000
v 2.035000 0.820000 -2.096077
v 2.035000 0.863923 -2.140000
v 2.035000 0.880000 -2.200000
v 2.035000 0.863923 -2.260000
v 2.035000 0.820000 -2.303923
v 2.035000 0.760000 -2.320000
v 2.035000 0.700000 -2.303923
v 2.035000 0.656077 -2.260000
v 2.035000 0.640000 -2.200000
v 2.035000 0.656077 -2.140000
v 2.035000 0.700000 -2.096077
v 2.155000 0.760000 -2.080000
v 2.155000 0.820000 -2.096077
v 2.155000 0.863923 -2.140000
v 2.155000 0.880000 -2.200000
v 2.155000 0.863923 -2.260000
v 2.155000 0.820000 -2.303923
v 2.155000 0.760000 -2.320000
v 2.155000 0.700000 -2.303923
v 2.155000 0.656077 -2.260000
v 2.155000 0.640000 -2.200000
v 2.155000 0.656077 -2.140000
v 2.155000 0.700000 -2.096077
v 2.035000 0.760000 0.120000
v 2.035000 0.820000 0.103923
v 2.035000 0.863923 0.060000
v 2.035000 0.880000 0.000000
v 2.035000 0.863923 -0.060000
v 2.035000 0.820000 -0.103923
v 2.035000 0.760000 -0.120000
v 2.035000 0.700000 -0.103923
v 2.035000 0.656077 -0.060000
v 2.035000 0.640000 -0.000000
v 2.035000 0.656077 0.060000
v 2.035000 0.700000 0.103923
v 2.155000 0.760000 0.120000
v 2.155000 0.820000 0.103923
v 2.155000 0.863923 0.060000
v 2.155000 0.880000 0.000000
v 2.155000 0.863923 -0.060000
v 2.155000 0.820000 -0.103923
v 2.155000 0.760000 -0.120000
v 2.155000 0.700000 -0.103923
v 2.155000 0.656077 -0.060000
v 2.155000 0.640000 -0.000000
v 2.155000 0.656077 0.060000
v 2.155000 0.700000 0.103923
v 2.035000 0.760000 2.320000
v 2.035000 0.820000 2.303923
v 2.035000 0.863923 2.260000
v 2.035000 0.880000 2.200000
v 2.035000 0.863923 2.140000
v 2.035000 0.820000 2.096077
v 2.035000 0.760000 2.080000
v 2.035000 0.700000 2.096077
v 2.035000 0.656077 2.140000
v 2.035000 0.640000 2.200000
v 2.035000 0.656077 2.260000
v 2.035000 0.700000 2.303923
v 2.155000 0.760000 2.320000
v 2.155000 0.820000 2.303923
v 2.155000 0.863923 2.260000
v 2.155000 0.880000 2.200000
v 2.155000 0.863923 2.140000
v 2.155000 0.820000 2.096077
v 2.155000 0.760000 2.080000
v 2.155000 0.700000 2.096077
v 2.155000 0.656077 2.140000
v 2.155000 0.640000 2.200000
v 2.155000 0.656077 2.260000
v 2.155000 0.700000 2.303923
v 0.360000 0.600000 -1.650000
v 0.324349 0.600000 -1.493802
v 0.224456 0.600000 -1.368541
v 0.080108 0.600000 -1.299026
v -0.080108 0.600000 -1.299026
v -0.224456 0.600000 -1.368541
v -0.324349 0.600000 -1.493802
v -0.360000 0.600000 -1.650000
v -0.324349 0.600000 -1.806198
v -0.224456 0.600000 -1.931459
v -0.080108 0.600000 -2.000974
v 0.080108 0.600000 -2.000974
v 0.224456 0.600000 -1.931459
v 0.324349 0.600000 -1.806198
v 0.360000 0.960000 -1.650000
v 0.324349 0.960000 -1.493802
v 0.224456 0.960000 -1.368541
v 0.080108 0.960000 -1.299026
v -0.080108 0.960000 -1.299026
v -0.224456 0.960000 -1.368541
v -0.324349 0.960000 -1.493802
v -0.360000 0.960000 -1.650000
v -0.324349 0.960000 -1.806198
v -0.224456 0.960000 -1.931459
v -0.080108 0.960000 -2.000974
v 0.080108 0.960000 -2.000974
v 0.224456 0.960000 -1.931459
v 0.324349 0.960000 -1.806198
v 0.240000 0.620000 2.250000
v 0.207846 0.620000 2.370000
v 0.120000 0.620000 2.457846
v 0.000000 0.620000 2.490000
v -0.120000 0.620000 2.457846
v -0.207846 0.620000 2.370000
v -0.240000 0.620000 2.250000
v -0.207846 0.620000 2.130000
v -0.120000 0.620000 2.042154
v -0.000000 0.620000 2.010000
v 0.120000 0.620000 2.042154
v 0.207846 0.620000 2.130000
v 0.240000 0.940000 2.250000
v 0.207846 0.940000 2.370000
v 0.120000 0.940000 2.457846
v 0.000000 0.940000 2.490000
v -0.120000 0.940000 2.457846
v -0.207846 0.940000 2.370000
v -0.240000 0.940000 2.250000
v -0.207846 0.940000 2.130000
v -0.120000 0.940000 2.042154
v -0.000000 0.940000 2.010000
v 0.120000 0.940000 2.042154
v 0.207846 0.940000 2.130000
v -0.995000 0.615000 -1.075000
v -0.445000 0.615000 -1.075000
v -0.445000 0.865000 -1.075000
v -0.995000 0.865000 -1.075000
v -0.995000 0.615000 -0.225000
v -0.445000 0.615000 -0.225000
v -0.445000 0.865000 -0.225000
v -0.995000 0.865000 -0.225000
v 0.445000 0.615000 -1.075000
v 0.995000 0.615000 -1.075000
v 0.995000 0.865000 -1.075000
v 0.445000 0.865000 -1.075000
v 0.445000 0.615000 -0.225000
v 0.995000 0.615000 -0.225000
v 0.995000 0.865000 -0.225000
v 0.445000 0.865000 -0.225000
v 0.190000 0.650000 5.650000
v 0.171184 0.713803 5.597797
v 0.118463 0.764970 5.555934
v 0.042279 0.793365 5.532701
v -0.042279 0.793365 5.532701
v -0.118463 0.764970 5.555934
v -0.171184 0.713803 5.597797
v -0.190000 0.650000 5.650000
v -0.171184 0.586197 5.702203
v -0.118463 0.535030 5.744066
v -0.042279 0.506635 5.767299
v 0.042279 0.506635 5.767299
v 0.118463 0.535030 5.744066
v 0.171184 0.586197 5.702203
v 0.190000 1.550000 6.750000
v 0.171184 1.613803 6.697797
v 0.118463 1.664970 6.655934
v 0.042279 1.693365 6.632701
v -0.042279 1.693365 6.632701
v -0.118463 1.664970 6.655934
v -0.171184 1.613803 6.697797
v -0.190000 1.550000 6.750000
v -0.171184 1.486197 6.802203
v -0.118463 1.435030 6.844066
v -0.042279 1.406635 6.867299
v 0.042279 1.406635 6.867299
v 0.118463 1.435030 6.844066
v 0.171184 1.486197 6.802203
v 0.220000 1.550000 6.750000
v 0.198213 1.611108 6.676670
v 0.137168 1.660114 6.617864
v 0.048955 1.687309 6.585229
v -0.048955 1.687309 6.585229
v -0.137168 1.660114 6.617864
v -0.198213 1.611108 6.676670
v -0.220000 1.550000 6.750000
v -0.198213 1.488892 6.823330
v -0.137168 1.439886 6.882136
v -0.048955 1.412691 6.914771
v 0.048955 1.412691 6.914771
v 0.137168 1.439886 6.882136
v 0.198213 1.488892 6.823330
v 0.220000 2.150000 7.250000
v 0.198213 2.211108 7.176670
v 0.137168 2.260114 7.117864
v 0.048955 2.287309 7.085229
v -0.048955 2.287309 7.085229
v -0.137168 2.260114 7.117864
v -0.198213 2.211108 7.176670
v -0.220000 2.150000 7.250000
v -0.198213 2.088892 7.323330
v -0.137168 2.039886 7.382136
v -0.048955 2.012691 7.414771
v 0.048955 2.012691 7.414771
v 0.137168 2.039886 7.382136
v 0.198213 2.088892 7.323330
v 0.143648 1.960505 7.480000
v 0.134985 1.960505 7.544338
v 0.110041 1.960505 7.600915
v 0.071824 1.960505 7.642909
v 0.024944 1.960505 7.665253
v -0.024944 1.960505 7.665253
v -0.071824 1.960505 7.642909
v -0.110041 1.960505 7.600915
v -0.134985 1.960505 7.544338
v -0.143648 1.960505 7.480000
v -0.134985 1.960505 7.415662
v -0.110041 1.960505 7.359085
v -0.071824 1.960505 7.317091
v -0.024944 1.960505 7.294747
v 0.024944 1.960505 7.294747
v 0.071824 1.960505 7.317091
v 0.110041 1.960505 7.359085
v 0.134985 1.960505 7.415662
v 0.269971 2.019545 7.480000
v 0.253690 2.019545 7.600915
v 0.206810 2.019545 7.707247
v 0.134985 2.019545 7.786169
v 0.046880 2.019545 7.828162
v -0.046880 2.019545 7.828162
v -0.134985 2.019545 7.786169
v -0.206810 2.019545 7.707247
v -0.253690 2.019545 7.600915
v -0.269971 2.019545 7.480000
v -0.253690 2.019545 7.359085
v -0.206810 2.019545 7.252753
v -0.134985 2.019545 7.173831
v -0.046880 2.019545 7.131838
v 0.046880 2.019545 7.131838
v 0.134985 2.019545 7.173831
v 0.206810 2.019545 7.252753
v 0.253690 2.019545 7.359085
v 0.363731 2.110000 7.480000
v 0.341795 2.110000 7.642909
v 0.278634 2.110000 7.786169
v 0.181865 2.110000 7.892500
v 0.063161 2.110000 7.949078
v -0.063161 2.110000 7.949078
v -0.181865 2.110000 7.892500
v -0.278634 2.110000 7.786169
v -0.341795 2.110000 7.642909
v -0.363731 2.110000 7.480000
v -0.341795 2.110000 7.317091
v -0.278634 2.110000 7.173831
v -0.181865 2.110000 7.067500
v -0.063161 2.110000 7.010922
v 0.063161 2.110000 7.010922
v 0.181865 2.110000 7.067500
v 0.278634 2.110000 7.173831
v 0.341795 2.110000 7.317091
v 0.413619 2.220960 7.480000
v 0.388675 2.220960 7.665253
v 0.316851 2.220960 7.828162
v 0.206810 2.220960 7.949078
v 0.071824 2.220960 8.013415
v -0.071824 2.220960 8.013415
v -0.206810 2.220960 7.949078
v -0.316851 2.220960 7.828162
v -0.388675 2.220960 7.665253
v -0.413619 2.220960 7.480000
v -0.388675 2.220960 7.294747
v -0.316851 2.220960 7.131838
v -0.206810 2.220960 7.010922
v -0.071824 2.220960 6.946585
v 0.071824 2.220960 6.946585
v 0.206810 2.220960 7.010922
v 0.316851 2.220960 7.131838
v 0.388675 2.220960 7.294747
v 0.413619 2.339040 7.480000
v 0.388675 2.339040 7.665253
v 0.316851 2.339040 7.828162
v 0.206810 2.339040 7.949078
v 0.071824 2.339040 8.013415
v -0.071824 2.339040 8.013415
v -0.206810 2.339040 7.949078
v -0.316851 2.339040 7.828162
v -0.388675 2.339040 7.665253
v -0.413619 2.339040 7.480000
v -0.388675 2.339040 7.294747
v -0.316851 2.339040 7.131838
v -0.206810 2.339040 7.010922
v -0.071824 2.339040 6.946585
v 0.071824 2.339040 6.946585
v 0.206810 2.339040 7.010922
v 0.316851 2.339040 7.131838
v 0.388675 2.339040 7.294747
v 0.363731 2.450000 7.480000
v 0.341795 2.450000 7.642909
v 0.278634 2.450000 7.786169
v 0.181865 2.450000 7.892500
v 0.063161 2.450000 7.949078
v -0.063161 2.450000 7.949078
v -0.181865 2.450000 7.892500
v -0.278634 2.450000 7.786169
v -0.341795 2.450000 7.642909
v -0.363731 2.450000 7.480000
v -0.341795 2.450000 7.317091
v -0.278634 2.450000 7.173831
v -0.181865 2.450000 7.067500
v -0.063161 2.450000 7.010922
v 0.063161 2.450000 7.010922
v 0.181865 2.450000 7.067500
v 0.278634 2.450000 7.173831
v 0.341795 2.450000 7.317091
v 0.269971 2.540455 7.480000
v 0.253690 2.540455 7.600915
v 0.206810 2.540455 7.707247
v 0.134985 2.540455 7.786169
v 0.046880 2.540455 7.828162
v -0.046880 2.540455 7.828162
v -0.134985 2.540455 7.786169
v -0.206810 2.540455 7.707247
v -0.253690 2.540455 7.600915
v -0.269971 2.540455 7.480000
v -0.253690 2.540455 7.359085
v -0.206810 2.540455 7.252753
v -0.134985 2.540455 7.173831
v -0.046880 2.540455 7.131838
v 0.046880 2.540455 7.131838
v 0.134985 2.540455 7.173831
v 0.206810 2.540455 7.252753
v 0.253690 2.540455 7.359085
v 0.143648 2.599495 7.480000
v 0.134985 2.599495 7.544338
v 0.110041 2.599495 7.600915
v 0.071824 2.599495 7.642909
v 0.024944 2.599495 7.665253
v -0.024944 2.599495 7.665253
v -0.071824 2.599495 7.642909
v -0.110041 2.599495 7.600915
v -0.134985 2.599495 7.544338
v -0.143648 2.599495 7.480000
v -0.134985 2.599495 7.415662
v -0.110041 2.599495 7.359085
v -0.071824 2.599495 7.317091
v -0.024944 2.599495 7.294747
v 0.024944 2.599495 7.294747
v 0.071824 2.599495 7.317091
v 0.110041 2.599495 7.359085
v 0.134985 2.599495 7.415662
v 0.000000 1.940000 7.480000
v 0.000000 2.620000 7.480000
v 0.117149 2.119806 7.900000
v 0.108231 2.119806 7.969737
v 0.082837 2.119806 8.028857
v 0.044831 2.119806 8.068360
v 0.000000 2.119806 8.082231
v -0.044831 2.119806 8.068360
v -0.082837 2.119806 8.028857
v -0.108231 2.119806 7.969737
v -0.117149 2.119806 7.900000
v -0.108231 2.119806 7.830263
v -0.082837 2.119806 7.771143
v -0.044831 2.119806 7.731640
v -0.000000 2.119806 7.717769
v 0.044831 2.119806 7.731640
v 0.082837 2.119806 7.771143
v 0.108231 2.119806 7.830263
v 0.211095 2.175302 7.900000
v 0.195026 2.175302 8.025661
v 0.149266 2.175302 8.132192
v 0.080782 2.175302 8.203374
v 0.000000 2.175302 8.228369
v -0.080782 2.175302 8.203374
v -0.149266 2.175302 8.132192
v -0.195026 2.175302 8.025661
v -0.211095 2.175302 7.900000
v -0.195026 2.175302 7.774339
v -0.149266 2.175302 7.667808
v -0.080782 2.175302 7.596626
v -0.000000 2.175302 7.571631
v 0.080782 2.175302 7.596626
v 0.149266 2.175302 7.667808
v 0.195026 2.175302 7.774339
v 0.263231 2.255496 7.900000
v 0.243193 2.255496 8.056697
v 0.186132 2.255496 8.189539
v 0.100734 2.255496 8.278301
v 0.000000 2.255496 8.309470
v -0.100734 2.255496 8.278301
v -0.186132 2.255496 8.189539
v -0.243193 2.255496 8.056697
v -0.263231 2.255496 7.900000
v -0.243193 2.255496 7.743303
v -0.186132 2.255496 7.610461
v -0.100734 2.255496 7.521699
v -0.000000 2.255496 7.490530
v 0.100734 2.255496 7.521699
v 0.186132 2.255496 7.610461
v 0.243193 2.255496 7.743303
v 0.263231 2.344504 7.900000
v 0.243193 2.344504 8.056697
v 0.186132 2.344504 8.189539
v 0.100734 2.344504 8.278301
v 0.000000 2.344504 8.309470
v -0.100734 2.344504 8.278301
v -0.186132 2.344504 8.189539
v -0.243193 2.344504 8.056697
v -0.263231 2.344504 7.900000
v -0.243193 2.344504 7.743303
v -0.186132 2.344504 7.610461
v -0.100734 2.344504 7.521699
v -0.000000 2.344504 7.490530
v 0.100734 2.344504 7.521699
v 0.186132 2.344504 7.610461
v 0.243193 2.344504 7.743303
v 0.211095 2.424698 7.900000
v 0.195026 2.424698 8.025661
v 0.149266 2.424698 8.132192
v 0.080782 2.424698 8.203374
v 0.000000 2.424698 8.228369
v -0.080782 2.424698 8.203374
v -0.149266 2.424698 8.132192
v -0.195026 2.424698 8.025661
v -0.211095 2.424698 7.900000
v -0.195026 2.424698 7.774339
v -0.149266 2.424698 7.667808
v -0.080782 2.424698 7.596626
v -0.000000 2.424698 7.571631
v 0.080782 2.424698 7.596626
v 0.149266 2.424698 7.667808
v 0.195026 2.424698 7.774339
v 0.117149 2.480194 7.900000
v 0.108231 2.480194 7.969737
v 0.082837 2.480194 8.028857
v 0.044831 2.480194 8.068360
v 0.000000 2.480194 8.082231
v -0.044831 2.480194 8.068360
v -0.082837 2.480194 8.028857
v -0.108231 2.480194 7.969737
v -0.117149 2.480194 7.900000
v -0.108231 2.480194 7.830263
v -0.082837 2.480194 7.771143
v -0.044831 2.480194 7.731640
v -0.000000 2.480194 7.717769
v 0.044831 2.480194 7.731640
v 0.082837 2.480194 7.771143
v 0.108231 2.480194 7.830263
v 0.000000 2.100000 7.900000
v 0.000000 2.500000 7.900000
v 0.130000 2.280000 8.050000
v 0.105172 2.354739 8.065902
v 0.040172 2.400930 8.075730
v -0.040172 2.400930 8.075730
v -0.105172 2.354739 8.065902
v -0.130000 2.280000 8.050000
v -0.105172 2.205261 8.034098
v -0.040172 2.159070 8.024270
v 0.040172 2.159070 8.024270
v 0.105172 2.205261 8.034098
v 0.130000 2.180000 8.520000
v 0.105172 2.254739 8.535902
v 0.040172 2.300930 8.545730
v -0.040172 2.300930 8.545730
v -0.105172 2.254739 8.535902
v -0.130000 2.180000 8.520000
v -0.105172 2.105261 8.504098
v -0.040172 2.059070 8.494270
v 0.040172 2.059070 8.494270
v 0.105172 2.105261 8.504098
v 0.073760 7.727729 0.350000
v 0.066456 7.727729 0.382003
v 0.045989 7.727729 0.407668
v 0.016413 7.727729 0.421911
v -0.016413 7.727729 0.421911
v -0.045989 7.727729 0.407668
v -0.066456 7.727729 0.382003
v -0.073760 7.727729 0.350000
v -0.066456 7.727729 0.317997
v -0.045989 7.727729 0.292332
v -0.016413 7.727729 0.278089
v 0.016413 7.727729 0.278089
v 0.045989 7.727729 0.292332
v 0.066456 7.727729 0.317997
v 0.132911 7.805423 0.350000
v 0.119749 7.805423 0.407668
v 0.082869 7.805423 0.453914
v 0.029576 7.805423 0.479579
v -0.029576 7.805423 0.479579
v -0.082869 7.805423 0.453914
v -0.119749 7.805423 0.407668
v -0.132911 7.805423 0.350000
v -0.119749 7.805423 0.292332
v -0.082869 7.805423 0.246086
v -0.029576 7.805423 0.220421
v 0.029576 7.805423 0.220421
v 0.082869 7.805423 0.246086
v 0.119749 7.805423 0.292332
v 0.165738 7.917694 0.350000
v 0.149325 7.917694 0.421911
v 0.103336 7.917694 0.479579
v 0.036880 7.917694 0.511582
v -0.036880 7.917694 0.511582
v -0.103336 7.917694 0.479579
v -0.149325 7.917694 0.421911
v -0.165738 7.917694 0.350000
v -0.149325 7.917694 0.278089
v -0.103336 7.917694 0.220421
v -0.036880 7.917694 0.188418
v 0.036880 7.917694 0.188418
v 0.103336 7.917694 0.220421
v 0.149325 7.917694 0.278089
v 0.165738 8.042306 0.350000
v 0.149325 8.042306 0.421911
v 0.103336 8.042306 0.479579
v 0.036880 8.042306 0.511582
v -0.036880 8.042306 0.511582
v -0.103336 8.042306 0.479579
v -0.149325 8.042306 0.421911
v -0.165738 8.042306 0.350000
v -0.149325 8.042306 0.278089
v -0.103336 8.042306 0.220421
v -0.036880 8.042306 0.188418
v 0.036880 8.042306 0.188418
v 0.103336 8.042306 0.220421
v 0.149325 8.042306 0.278089
v 0.132911 8.154577 0.350000
v 0.119749 8.154577 0.407668
v 0.082869 8.154577 0.453914
v 0.029576 8.154577 0.479579
v -0.029576 8.154577 0.479579
v -0.082869 8.154577 0.453914
v -0.119749 8.154577 0.407668
v -0.132911 8.154577 0.350000
v -0.119749 8.154577 0.292332
v -0.082869 8.154577 0.246086
v -0.029576 8.154577 0.220421
v 0.029576 8.154577 0.220421
v 0.082869 8.154577 0.246086
v 0.119749 8.154577 0.292332
v 0.073760 8.232271 0.350000
v 0.066456 8.232271 0.382003
v 0.045989 8.232271 0.407668
v 0.016413 8.232271 0.421911
v -0.016413 8.232271 0.421911
v -0.045989 8.232271 0.407668
v -0.066456 8.232271 0.382003
v -0.073760 8.232271 0.350000
v -0.066456 8.232271 0.317997
v -0.045989 8.232271 0.292332
v -0.016413 8.232271 0.278089
v 0.016413 8.232271 0.278089
v 0.045989 8.232271 0.292332
v 0.066456 8.232271 0.317997
v 0.000000 7.700000 0.350000
v 0.000000 8.260000 0.350000
v 0.080000 7.720000 0.420000
v 0.350000 7.720000 0.488981
v 0.620000 7.720000 0.443449
v 0.890000 7.720000 0.358990
v 1.160000 7.720000 0.375811
v 1.430000 7.720000 0.465989
v 1.700000 7.720000 0.479822
v 0.080000 7.490000 0.478903
v 0.350000 7.490000 0.467282
v 0.620000 7.490000 0.377170
v 0.890000 7.490000 0.358158
v 1.160000 7.490000 0.441808
v 1.430000 7.490000 0.489255
v 1.700000 7.490000 0.421734
v 0.080000 7.260000 0.483651
v 0.350000 7.260000 0.402112
v 0.620000 7.260000 0.350268
v 0.890000 7.260000 0.414184
v 1.160000 7.260000 0.487754
v 1.430000 7.260000 0.448848
v 1.700000 7.260000 0.362052
v 0.620000 1.620000 -2.675000
v 0.654506 1.626864 -2.691943
v 0.663029 1.628559 -2.730013
v 0.639150 1.623809 -2.760544
v 0.600850 1.616191 -2.760544
v 0.576971 1.611441 -2.730013
v 0.585494 1.613136 -2.691943
v 0.572805 1.857264 -2.675000
v 0.607312 1.864127 -2.691943
v 0.615834 1.865823 -2.730013
v 0.591955 1.861073 -2.760544
v 0.553656 1.853455 -2.760544
v 0.529777 1.848705 -2.730013
v 0.538299 1.850400 -2.691943
v 0.572805 1.857264 -2.675000
v 0.602058 1.876810 -2.691943
v 0.609283 1.881638 -2.730013
v 0.589040 1.868111 -2.760544
v 0.556571 1.846416 -2.760544
v 0.536327 1.832890 -2.730013
v 0.543552 1.837717 -2.691943
v 0.438406 2.058406 -2.675000
v 0.467659 2.077953 -2.691943
v 0.474884 2.082780 -2.730013
v 0.454640 2.069254 -2.760544
v 0.422172 2.047559 -2.760544
v 0.401928 2.034032 -2.730013
v 0.409153 2.038860 -2.691943
v 0.438406 2.058406 -2.675000
v 0.457953 2.087659 -2.691943
v 0.462780 2.094884 -2.730013
v 0.449254 2.074640 -2.760544
v 0.427559 2.042172 -2.760544
v 0.414032 2.021928 -2.730013
v 0.418860 2.029153 -2.691943
v 0.237264 2.192805 -2.675000
v 0.256810 2.222058 -2.691943
v 0.261638 2.229283 -2.730013
v 0.248111 2.209040 -2.760544
v 0.226416 2.176571 -2.760544
v 0.212890 2.156327 -2.730013
v 0.217717 2.163552 -2.691943
v 0.237264 2.192805 -2.675000
v 0.244127 2.227312 -2.691943
v 0.245823 2.235834 -2.730013
v 0.241073 2.211955 -2.760544
v 0.233455 2.173656 -2.760544
v 0.228705 2.149777 -2.730013
v 0.230400 2.158299 -2.691943
v 0.000000 2.240000 -2.675000
v 0.006864 2.274506 -2.691943
v 0.008559 2.283029 -2.730013
v 0.003809 2.259150 -2.760544
v -0.003809 2.220850 -2.760544
v -0.008559 2.196971 -2.730013
v -0.006864 2.205494 -2.691943
v 0.000000 2.240000 -2.675000
v -0.006864 2.274506 -2.691943
v -0.008559 2.283029 -2.730013
v -0.003809 2.259150 -2.760544
v 0.003809 2.220850 -2.760544
v 0.008559 2.196971 -2.730013
v 0.006864 2.205494 -2.691943
v -0.237264 2.192805 -2.675000
v -0.244127 2.227312 -2.691943
v -0.245823 2.235834 -2.730013
v -0.241073 2.211955 -2.760544
v -0.233455 2.173656 -2.760544
v -0.228705 2.149777 -2.730013
v -0.230400 2.158299 -2.691943
v -0.237264 2.192805 -2.675000
v -0.256810 2.222058 -2.691943
v -0.261638 2.229283 -2.730013
v -0.248111 2.209040 -2.760544
v -0.226416 2.176571 -2.760544
v -0.212890 2.156327 -2.730013
v -0.217717 2.163552 -2.691943
v -0.438406 2.058406 -2.675000
v -0.457953 2.087659 -2.691943
v -0.462780 2.094884 -2.730013
v -0.449254 2.074640 -2.760544
v -0.427559 2.042172 -2.760544
v -0.414032 2.021928 -2.730013
v -0.418860 2.029153 -2.691943
v -0.438406 2.058406 -2.675000
v -0.467659 2.077953 -2.691943
v -0.474884 2.082780 -2.730013
v -0.454640 2.069254 -2.760544
v -0.422172 2.047559 -2.760544
v -0.401928 2.034032 -2.730013
v -0.409153 2.038860 -2.691943
v -0.572805 1.857264 -2.675000
v -0.602058 1.876810 -2.691943
v -0.609283 1.881638 -2.730013
v -0.589040 1.868111 -2.760544
v -0.556571 1.846416 -2.760544
v -0.536327 1.832890 -2.730013
v -0.543552 1.837717 -2.691943
v -0.572805 1.857264 -2.765000
v -0.538299 1.850400 -2.748057
v -0.529777 1.848705 -2.709987
v -0.553656 1.853455 -2.679456
v -0.591955 1.861073 -2.679456
v -0.615834 1.865823 -2.709987
v -0.607312 1.864127 -2.748057
v -0.620000 1.620000 -2.765000
v -0.585494 1.613136 -2.748057
v -0.576971 1.611441 -2.709987
v -0.600850 1.616191 -2.679456
v -0.639150 1.623809 -2.679456
v -0.663029 1.628559 -2.709987
v -0.654506 1.626864 -2.748057
v -0.620000 1.620000 -2.765000
v -0.585494 1.626864 -2.748057
v -0.576971 1.628559 -2.709987
v -0.600850 1.623809 -2.679456
v -0.639150 1.616191 -2.679456
v -0.663029 1.611441 -2.709987
v -0.654506 1.613136 -2.748057
v -0.572805 1.382736 -2.765000
v -0.538299 1.389600 -2.748057
v -0.529777 1.391295 -2.709987
v -0.553656 1.386545 -2.679456
v -0.591955 1.378927 -2.679456
v -0.615834 1.374177 -2.709987
v -0.607312 1.375873 -2.748057
v -0.572805 1.382736 -2.765000
v -0.543552 1.402283 -2.748057
v -0.536327 1.407110 -2.709987
v -0.556571 1.393584 -2.679456
v -0.589040 1.371889 -2.679456
v -0.609283 1.358362 -2.709987
v -0.602058 1.363190 -2.748057
v -0.438406 1.181594 -2.765000
v -0.409153 1.201140 -2.748057
v -0.401928 1.205968 -2.709987
v -0.422172 1.192441 -2.679456
v -0.454640 1.170746 -2.679456
v -0.474884 1.157220 -2.709987
v -0.467659 1.162047 -2.748057
v -0.438406 1.181594 -2.765000
v -0.418860 1.210847 -2.748057
v -0.414032 1.218072 -2.709987
v -0.427559 1.197828 -2.679456
v -0.449254 1.165360 -2.679456
v -0.462780 1.145116 -2.709987
v -0.457953 1.152341 -2.748057
v -0.237264 1.047195 -2.765000
v -0.217717 1.076448 -2.748057
v -0.212890 1.083673 -2.709987
v -0.226416 1.063429 -2.679456
v -0.248111 1.030960 -2.679456
v -0.261638 1.010717 -2.709987
v -0.256810 1.017942 -2.748057
v -0.237264 1.047195 -2.765000
v -0.230400 1.081701 -2.748057
v -0.228705 1.090223 -2.709987
v -0.233455 1.066344 -2.679456
v -0.241073 1.028045 -2.679456
v -0.245823 1.004166 -2.709987
v -0.244127 1.012688 -2.748057
v -0.000000 1.000000 -2.765000
v 0.006864 1.034506 -2.748057
v 0.008559 1.043029 -2.709987
v 0.003809 1.019150 -2.679456
v -0.003809 0.980850 -2.679456
v -0.008559 0.956971 -2.709987
v -0.006864 0.965494 -2.748057
v -0.000000 1.000000 -2.765000
v -0.006864 1.034506 -2.748057
v -0.008559 1.043029 -2.709987
v -0.003809 1.019150 -2.679456
v 0.003809 0.980850 -2.679456
v 0.008559 0.956971 -2.709987
v 0.006864 0.965494 -2.748057
v 0.237264 1.047195 -2.765000
v 0.230400 1.081701 -2.748057
v 0.228705 1.090223 -2.709987
v 0.233455 1.066344 -2.679456
v 0.241073 1.028045 -2.679456
v 0.245823 1.004166 -2.709987
v 0.244127 1.012688 -2.748057
v 0.237264 1.047195 -2.765000
v 0.217717 1.076448 -2.748057
v 0.212890 1.083673 -2.709987
v 0.226416 1.063429 -2.679456
v 0.248111 1.030960 -2.679456
v 0.261638 1.010717 -2.709987
v 0.256810 1.017942 -2.748057
v 0.438406 1.181594 -2.765000
v 0.418860 1.210847 -2.748057
v 0.414032 1.218072 -2.709987
v 0.427559 1.197828 -2.679456
v 0.449254 1.165360 -2.679456
v 0.462780 1.145116 -2.709987
v 0.457953 1.152341 -2.748057
v 0.438406 1.181594 -2.765000
v 0.409153 1.201140 -2.748057
v 0.401928 1.205968 -2.709987
v 0.422172 1.192441 -2.679456
v 0.454640 1.170746 -2.679456
v 0.474884 1.157220 -2.709987
v 0.467659 1.162047 -2.748057
v 0.572805 1.382736 -2.765000
v 0.543552 1.402283 -2.748057
v 0.536327 1.407110 -2.709987
v 0.556571 1.393584 -2.679456
v 0.589040 1.371889 -2.679456
v 0.609283 1.358362 -2.709987
v 0.602058 1.363190 -2.748057
v 0.572805 1.382736 -2.675000
v 0.607312 1.375873 -2.691943
v 0.615834 1.374177 -2.730013
v 0.591955 1.378927 -2.760544
v 0.553656 1.386545 -2.760544
v 0.529777 1.391295 -2.730013
v 0.538299 1.389600 -2.691943
v 0.620000 1.620000 -2.675000
v 0.654506 1.613136 -2.691943
v 0.663029 1.611441 -2.730013
v 0.639150 1.616191 -2.760544
v 0.600850 1.623809 -2.760544
v 0.576971 1.628559 -2.730013
v 0.585494 1.626864 -2.691943
v 0.000000 1.620000 -2.755000
v 0.000000 1.647364 -2.741822
v 0.000000 1.654122 -2.712212
v 0.000000 1.635186 -2.688466
v 0.000000 1.604814 -2.688466
v 0.000000 1.585878 -2.712212
v 0.000000 1.592636 -2.741822
v 0.620000 1.620000 -2.755000
v 0.620000 1.647364 -2.741822
v 0.620000 1.654122 -2.712212
v 0.620000 1.635186 -2.688466
v 0.620000 1.604814 -2.688466
v 0.620000 1.585878 -2.712212
v 0.620000 1.592636 -2.741822
v 0.000000 1.620000 -2.755000
v -0.019349 1.639349 -2.741822
v -0.024128 1.644128 -2.712212
v -0.010738 1.630738 -2.688466
v 0.010738 1.609262 -2.688466
v 0.024128 1.595872 -2.712212
v 0.019349 1.600651 -2.741822
v 0.438406 2.058406 -2.755000
v 0.419057 2.077756 -2.741822
v 0.414278 2.082534 -2.712212
v 0.427668 2.069144 -2.688466
v 0.449144 2.047668 -2.688466
v 0.462534 2.034278 -2.712212
v 0.457756 2.039057 -2.741822
v 0.000000 1.620000 -2.685000
v 0.027364 1.620000 -2.698178
v 0.034122 1.620000 -2.727788
v 0.015186 1.620000 -2.751534
v -0.015186 1.620000 -2.751534
v -0.034122 1.620000 -2.727788
v -0.027364 1.620000 -2.698178
v 0.000000 2.240000 -2.685000
v 0.027364 2.240000 -2.698178
v 0.034122 2.240000 -2.727788
v 0.015186 2.240000 -2.751534
v -0.015186 2.240000 -2.751534
v -0.034122 2.240000 -2.727788
v -0.027364 2.240000 -2.698178
v 0.000000 1.620000 -2.685000
v 0.019349 1.639349 -2.698178
v 0.024128 1.644128 -2.727788
v 0.010738 1.630738 -2.751534
v -0.010738 1.609262 -2.751534
v -0.024128 1.595872 -2.727788
v -0.019349 1.600651 -2.698178
v -0.438406 2.058406 -2.685000
v -0.419057 2.077756 -2.698178
v -0.414278 2.082534 -2.727788
v -0.427668 2.069144 -2.751534
v -0.449144 2.047668 -2.751534
v -0.462534 2.034278 -2.727788
v -0.457756 2.039057 -2.698178
v 0.000000 1.620000 -2.685000
v 0.000000 1.647364 -2.698178
v 0.000000 1.654122 -2.727788
v 0.000000 1.635186 -2.751534
v 0.000000 1.604814 -2.751534
v 0.000000 1.585878 -2.727788
v 0.000000 1.592636 -2.698178
v -0.620000 1.620000 -2.685000
v -0.620000 1.647364 -2.698178
v -0.620000 1.654122 -2.727788
v -0.620000 1.635186 -2.751534
v -0.620000 1.604814 -2.751534
v -0.620000 1.585878 -2.727788
v -0.620000 1.592636 -2.698178
v 0.000000 1.620000 -2.685000
v -0.019349 1.639349 -2.698178
v -0.024128 1.644128 -2.727788
v -0.010738 1.630738 -2.751534
v 0.010738 1.609262 -2.751534
v 0.024128 1.595872 -2.727788
v 0.019349 1.600651 -2.698178
v -0.438406 1.181594 -2.685000
v -0.457756 1.200943 -2.698178
v -0.462534 1.205722 -2.727788
v -0.449144 1.192332 -2.751534
v -0.427668 1.170856 -2.751534
v -0.414278 1.157466 -2.727788
v -0.419057 1.162244 -2.698178
v 0.000000 1.620000 -2.755000
v 0.027364 1.620000 -2.741822
v 0.034122 1.620000 -2.712212
v 0.015186 1.620000 -2.688466
v -0.015186 1.620000 -2.688466
v -0.034122 1.620000 -2.712212
v -0.027364 1.620000 -2.741822
v -0.000000 1.000000 -2.755000
v 0.027364 1.000000 -2.741822
v 0.034122 1.000000 -2.712212
v 0.015186 1.000000 -2.688466
v -0.015186 1.000000 -2.688466
v -0.034122 1.000000 -2.712212
v -0.027364 1.000000 -2.741822
v 0.000000 1.620000 -2.755000
v 0.019349 1.639349 -2.741822
v 0.024128 1.644128 -2.712212
v 0.010738 1.630738 -2.688466
v -0.010738 1.609262 -2.688466
v -0.024128 1.595872 -2.712212
v -0.019349 1.600651 -2.741822
v 0.438406 1.181594 -2.755000
v 0.457756 1.200943 -2.741822
v 0.462534 1.205722 -2.712212
v 0.449144 1.192332 -2.688466
v 0.427668 1.170856 -2.688466
v 0.414278 1.157466 -2.712212
v 0.419057 1.162244 -2.741822
v 0.120000 1.620000 -2.810000
v 0.103923 1.680000 -2.810000
v 0.060000 1.723923 -2.810000
v 0.000000 1.740000 -2.810000
v -0.060000 1.723923 -2.810000
v -0.103923 1.680000 -2.810000
v -0.120000 1.620000 -2.810000
v -0.103923 1.560000 -2.810000
v -0.060000 1.516077 -2.810000
v -0.000000 1.500000 -2.810000
v 0.060000 1.516077 -2.810000
v 0.103923 1.560000 -2.810000
v 0.120000 1.620000 -2.630000
v 0.103923 1.680000 -2.630000
v 0.060000 1.723923 -2.630000
v 0.000000 1.740000 -2.630000
v -0.060000 1.723923 -2.630000
v -0.103923 1.680000 -2.630000
v -0.120000 1.620000 -2.630000
v -0.103923 1.560000 -2.630000
v -0.060000 1.516077 -2.630000
v -0.000000 1.500000 -2.630000
v 0.060000 1.516077 -2.630000
v 0.103923 1.560000 -2.630000
v -0.710000 0.545000 -1.550000
v -0.743671 0.545000 -1.402480
v -0.838013 0.545000 -1.284177
v -0.974343 0.545000 -1.218525
v -1.125657 0.545000 -1.218525
v -1.261987 0.545000 -1.284177
v -1.356329 0.545000 -1.402480
v -1.390000 0.545000 -1.550000
v -1.356329 0.545000 -1.697520
v -1.261987 0.545000 -1.815823
v -1.125657 0.545000 -1.881475
v -0.974343 0.545000 -1.881475
v -0.838013 0.545000 -1.815823
v -0.743671 0.545000 -1.697520
v -0.710000 1.095000 -1.550000
v -0.743671 1.095000 -1.402480
v -0.838013 1.095000 -1.284177
v -0.974343 1.095000 -1.218525
v -1.125657 1.095000 -1.218525
v -1.261987 1.095000 -1.284177
v -1.356329 1.095000 -1.402480
v -1.390000 1.095000 -1.550000
v -1.356329 1.095000 -1.697520
v -1.261987 1.095000 -1.815823
v -1.125657 1.095000 -1.881475
v -0.974343 1.095000 -1.881475
v -0.838013 1.095000 -1.815823
v -0.743671 1.095000 -1.697520
v 1.390000 0.545000 -1.200000
v 1.356329 0.545000 -1.052480
v 1.261987 0.545000 -0.934177
v 1.125657 0.545000 -0.868525
v 0.974343 0.545000 -0.868525
v 0.838013 0.545000 -0.934177
v 0.743671 0.545000 -1.052480
v 0.710000 0.545000 -1.200000
v 0.743671 0.545000 -1.347520
v 0.838013 0.545000 -1.465823
v 0.974343 0.545000 -1.531475
v 1.125657 0.545000 -1.531475
v 1.261987 0.545000 -1.465823
v 1.356329 0.545000 -1.347520
v 1.390000 1.095000 -1.200000
v 1.356329 1.095000 -1.052480
v 1.261987 1.095000 -0.934177
v 1.125657 1.095000 -0.868525
v 0.974343 1.095000 -0.868525
v 0.838013 1.095000 -0.934177
v 0.743671 1.095000 -1.052480
v 0.710000 1.095000 -1.200000
v 0.743671 1.095000 -1.347520
v 0.838013 1.095000 -1.465823
v 0.974343 1.095000 -1.531475
v 1.125657 1.095000 -1.531475
v 1.261987 1.095000 -1.465823
v 1.356329 1.095000 -1.347520
v -0.810000 0.545000 2.400000
v -0.843671 0.545000 2.547520
v -0.938013 0.545000 2.665823
v -1.074343 0.545000 2.731475
v -1.225657 0.545000 2.731475
v -1.361987 0.545000 2.665823
v -1.456329 0.545000 2.547520
v -1.490000 0.545000 2.400000
v -1.456329 0.545000 2.252480
v -1.361987 0.545000 2.134177
v -1.225657 0.545000 2.068525
v -1.074343 0.545000 2.068525
v -0.938013 0.545000 2.134177
v -0.843671 0.545000 2.252480
v -0.810000 1.095000 2.400000
v -0.843671 1.095000 2.547520
v -0.938013 1.095000 2.665823
v -1.074343 1.095000 2.731475
v -1.225657 1.095000 2.731475
v -1.361987 1.095000 2.665823
v -1.456329 1.095000 2.547520
v -1.490000 1.095000 2.400000
v -1.456329 1.095000 2.252480
v -1.361987 1.095000 2.134177
v -1.225657 1.095000 2.068525
v -1.074343 1.095000 2.068525
v -0.938013 1.095000 2.134177
v -0.843671 1.095000 2.252480
v -0.695000 0.612500 -1.550000
v -0.730156 0.612500 -1.395971
v -0.828661 0.612500 -1.272450
v -0.971005 0.612500 -1.203901
v -1.128995 0.612500 -1.203901
v -1.271339 0.612500 -1.272450
v -1.369844 0.612500 -1.395971
v -1.405000 0.612500 -1.550000
v -1.369844 0.612500 -1.704029
v -1.271339 0.612500 -1.827550
v -1.128995 0.612500 -1.896099
v -0.971005 0.612500 -1.896099
v -0.828661 0.612500 -1.827550
v -0.730156 0.612500 -1.704029
v -0.695000 0.667500 -1.550000
v -0.730156 0.667500 -1.395971
v -0.828661 0.667500 -1.272450
v -0.971005 0.667500 -1.203901
v -1.128995 0.667500 -1.203901
v -1.271339 0.667500 -1.272450
v -1.369844 0.667500 -1.395971
v -1.405000 0.667500 -1.550000
v -1.369844 0.667500 -1.704029
v -1.271339 0.667500 -1.827550
v -1.128995 0.667500 -1.896099
v -0.971005 0.667500 -1.896099
v -0.828661 0.667500 -1.827550
v -0.730156 0.667500 -1.704029
v -0.695000 0.972500 -1.550000
v -0.730156 0.972500 -1.395971
v -0.828661 0.972500 -1.272450
v -0.971005 0.972500 -1.203901
v -1.128995 0.972500 -1.203901
v -1.271339 0.972500 -1.272450
v -1.369844 0.972500 -1.395971
v -1.405000 0.972500 -1.550000
v -1.369844 0.972500 -1.704029
v -1.271339 0.972500 -1.827550
v -1.128995 0.972500 -1.896099
v -0.971005 0.972500 -1.896099
v -0.828661 0.972500 -1.827550
v -0.730156 0.972500 -1.704029
v -0.695000 1.027500 -1.550000
v -0.730156 1.027500 -1.395971
v -0.828661 1.027500 -1.272450
v -0.971005 1.027500 -1.203901
v -1.128995 1.027500 -1.203901
v -1.271339 1.027500 -1.272450
v -1.369844 1.027500 -1.395971
v -1.405000 1.027500 -1.550000
v -1.369844 1.027500 -1.704029
v -1.271339 1.027500 -1.827550
v -1.128995 1.027500 -1.896099
v -0.971005 1.027500 -1.896099
v -0.828661 1.027500 -1.827550
v -0.730156 1.027500 -1.704029
v 1.405000 0.612500 -1.200000
v 1.369844 0.612500 -1.045971
v 1.271339 0.612500 -0.922450
v 1.128995 0.612500 -0.853901
v 0.971005 0.612500 -0.853901
v 0.828661 0.612500 -0.922450
v 0.730156 0.612500 -1.045971
v 0.695000 0.612500 -1.200000
v 0.730156 0.612500 -1.354029
v 0.828661 0.612500 -1.477550
v 0.971005 0.612500 -1.546099
v 1.128995 0.612500 -1.546099
v 1.271339 0.612500 -1.477550
v 1.369844 0.612500 -1.354029
v 1.405000 0.667500 -1.200000
v 1.369844 0.667500 -1.045971
v 1.271339 0.667500 -0.922450
v 1.128995 0.667500 -0.853901
v 0.971005 0.667500 -0.853901
v 0.828661 0.667500 -0.922450
v 0.730156 0.667500 -1.045971
v 0.695000 0.667500 -1.200000
v 0.730156 0.667500 -1.354029
v 0.828661 0.667500 -1.477550
v 0.971005 0.667500 -1.546099
v 1.128995 0.667500 -1.546099
v 1.271339 0.667500 -1.477550
v 1.369844 0.667500 -1.354029
v 1.405000 0.972500 -1.200000
v 1.369844 0.972500 -1.045971
v 1.271339 0.972500 -0.922450
v 1.128995 0.972500 -0.853901
v 0.971005 0.972500 -0.853901
v 0.828661 0.972500 -0.922450
v 0.730156 0.972500 -1.045971
v 0.695000 0.972500 -1.200000
v 0.730156 0.972500 -1.354029
v 0.828661 0.972500 -1.477550
v 0.971005 0.972500 -1.546099
v 1.128995 0.972500 -1.546099
v 1.271339 0.972500 -1.477550
v 1.369844 0.972500 -1.354029
v 1.405000 1.027500 -1.200000
v 1.369844 1.027500 -1.045971
v 1.271339 1.027500 -0.922450
v 1.128995 1.027500 -0.853901
v 0.971005 1.027500 -0.853901
v 0.828661 1.027500 -0.922450
v 0.730156 1.027500 -1.045971
v 0.695000 1.027500 -1.200000
v 0.730156 1.027500 -1.354029
v 0.828661 1.027500 -1.477550
v 0.971005 1.027500 -1.546099
v 1.128995 1.027500 -1.546099
v 1.271339 1.027500 -1.477550
v 1.369844 1.027500 -1.354029
v -0.795000 0.612500 2.400000
v -0.830156 0.612500 2.554029
v -0.928661 0.612500 2.677550
v -1.071005 0.612500 2.746099
v -1.228995 0.612500 2.746099
v -1.371339 0.612500 2.677550
v -1.469844 0.612500 2.554029
v -1.505000 0.612500 2.400000
v -1.469844 0.612500 2.245971
v -1.371339 0.612500 2.122450
v -1.228995 0.612500 2.053901
v -1.071005 0.612500 2.053901
v -0.928661 0.612500 2.122450
v -0.830156 0.612500 2.245971
v -0.795000 0.667500 2.400000
v -0.830156 0.667500 2.554029
v -0.928661 0.667500 2.677550
v -1.071005 0.667500 2.746099
v -1.228995 0.667500 2.746099
v -1.371339 0.667500 2.677550
v -1.469844 0.667500 2.554029
v -1.505000 0.667500 2.400000
v -1.469844 0.667500 2.245971
v -1.371339 0.667500 2.122450
v -1.228995 0.667500 2.053901
v -1.071005 0.667500 2.053901
v -0.928661 0.667500 2.122450
v -0.830156 0.667500 2.245971
v -0.795000 0.972500 2.400000
v -0.830156 0.972500 2.554029
v -0.928661 0.972500 2.677550
v -1.071005 0.972500 2.746099
v -1.228995 0.972500 2.746099
v -1.371339 0.972500 2.677550
v -1.469844 0.972500 2.554029
v -1.505000 0.972500 2.400000
v -1.469844 0.972500 2.245971
v -1.371339 0.972500 2.122450
v -1.228995 0.972500 2.053901
v -1.071005 0.972500 2.053901
v -0.928661 0.972500 2.122450
v -0.830156 0.972500 2.245971
v -0.795000 1.027500 2.400000
v -0.830156 1.027500 2.554029
v -0.928661 1.027500 2.677550
v -1.071005 1.027500 2.746099
v -1.228995 1.027500 2.746099
v -1.371339 1.027500 2.677550
v -1.469844 1.027500 2.554029
v -1.505000 1.027500 2.400000
v -1.469844 1.027500 2.245971
v -1.371339 1.027500 2.122450
v -1.228995 1.027500 2.053901
v -1.071005 1.027500 2.053901
v -0.928661 1.027500 2.122450
v -0.830156 1.027500 2.245971
v 1.150000 1.500000 -2.955000
v 1.181820 1.500000 -2.968180
v 1.195000 1.500000 -3.000000
v 1.181820 1.500000 -3.031820
v 1.150000 1.500000 -3.045000
v 1.118180 1.500000 -3.031820
v 1.105000 1.500000 -3.000000
v 1.118180 1.500000 -2.968180
v 1.150000 2.550000 -2.955000
v 1.181820 2.550000 -2.968180
v 1.195000 2.550000 -3.000000
v 1.181820 2.550000 -3.031820
v 1.150000 2.550000 -3.045000
v 1.118180 2.550000 -3.031820
v 1.105000 2.550000 -3.000000
v 1.118180 2.550000 -2.968180
v 0.960000 2.310000 -3.190000
v 1.340000 2.310000 -3.190000
v 1.340000 2.790000 -3.190000
v 0.960000 2.790000 -3.190000
v 0.960000 2.310000 -2.810000
v 1.340000 2.310000 -2.810000
v 1.340000 2.790000 -2.810000
v 0.960000 2.790000 -2.810000
v 1.215000 2.394115 -3.000000
v 1.206292 2.394115 -2.967500
v 1.182500 2.394115 -2.943708
v 1.150000 2.394115 -2.935000
v 1.117500 2.394115 -2.943708
v 1.093708 2.394115 -2.967500
v 1.085000 2.394115 -3.000000
v 1.093708 2.394115 -3.032500
v 1.117500 2.394115 -3.056292
v 1.150000 2.394115 -3.065000
v 1.182500 2.394115 -3.056292
v 1.206292 2.394115 -3.032500
v 1.262583 2.460000 -3.000000
v 1.247500 2.460000 -2.943708
v 1.206292 2.460000 -2.902500
v 1.150000 2.460000 -2.887417
v 1.093708 2.460000 -2.902500
v 1.052500 2.460000 -2.943708
v 1.037417 2.460000 -3.000000
v 1.052500 2.460000 -3.056292
v 1.093708 2.460000 -3.097500
v 1.150000 2.460000 -3.112583
v 1.206292 2.460000 -3.097500
v 1.247500 2.460000 -3.056292
v 1.280000 2.550000 -3.000000
v 1.262583 2.550000 -2.935000
v 1.215000 2.550000 -2.887417
v 1.150000 2.550000 -2.870000
v 1.085000 2.550000 -2.887417
v 1.037417 2.550000 -2.935000
v 1.020000 2.550000 -3.000000
v 1.037417 2.550000 -3.065000
v 1.085000 2.550000 -3.112583
v 1.150000 2.550000 -3.130000
v 1.215000 2.550000 -3.112583
v 1.262583 2.550000 -3.065000
v 1.262583 2.640000 -3.000000
v 1.247500 2.640000 -2.943708
v 1.206292 2.640000 -2.902500
v 1.150000 2.640000 -2.887417
v 1.093708 2.640000 -2.902500
v 1.052500 2.640000 -2.943708
v 1.037417 2.640000 -3.000000
v 1.052500 2.640000 -3.056292
v 1.093708 2.640000 -3.097500
v 1.150000 2.640000 -3.112583
v 1.206292 2.640000 -3.097500
v 1.247500 2.640000 -3.056292
v 1.215000 2.705885 -3.000000
v 1.206292 2.705885 -2.967500
v 1.182500 2.705885 -2.943708
v 1.150000 2.705885 -2.935000
v 1.117500 2.705885 -2.943708
v 1.093708 2.705885 -2.967500
v 1.085000 2.705885 -3.000000
v 1.093708 2.705885 -3.032500
v 1.117500 2.705885 -3.056292
v 1.150000 2.705885 -3.065000
v 1.182500 2.705885 -3.056292
v 1.206292 2.705885 -3.032500
v 1.150000 2.370000 -3.000000
v 1.150000 2.730000 -3.000000
v -2.047500 0.190000 -3.360000
v -1.992500 0.190000 -3.360000
v -1.992500 0.330000 -3.360000
v -2.047500 0.330000 -3.360000
v -2.047500 0.190000 -2.640000
v -1.992500 0.190000 -2.640000
v -1.992500 0.330000 -2.640000
v -2.047500 0.330000 -2.640000
v -2.047500 0.190000 -1.860000
v -1.992500 0.190000 -1.860000
v -1.992500 0.330000 -1.860000
v -2.047500 0.330000 -1.860000
v -2.047500 0.190000 -1.140000
v -1.992500 0.190000 -1.140000
v -1.992500 0.330000 -1.140000
v -2.047500 0.330000 -1.140000
v -2.047500 0.190000 -0.360000
v -1.992500 0.190000 -0.360000
v -1.992500 0.330000 -0.360000
v -2.047500 0.330000 -0.360000
v -2.047500 0.190000 0.360000
v -1.992500 0.190000 0.360000
v -1.992500 0.330000 0.360000
v -2.047500 0.330000 0.360000
v -2.047500 0.190000 1.140000
v -1.992500 0.190000 1.140000
v -1.992500 0.330000 1.140000
v -2.047500 0.330000 1.140000
v -2.047500 0.190000 1.860000
v -1.992500 0.190000 1.860000
v -1.992500 0.330000 1.860000
v -2.047500 0.330000 1.860000
v -2.047500 0.190000 2.640000
v -1.992500 0.190000 2.640000
v -1.992500 0.330000 2.640000
v -2.047500 0.330000 2.640000
v -2.047500 0.190000 3.360000
v -1.992500 0.190000 3.360000
v -1.992500 0.330000 3.360000
v -2.047500 0.330000 3.360000
v 1.992500 0.190000 -3.360000
v 2.047500 0.190000 -3.360000
v 2.047500 0.330000 -3.360000
v 1.992500 0.330000 -3.360000
v 1.992500 0.190000 -2.640000
v 2.047500 0.190000 -2.640000
v 2.047500 0.330000 -2.640000
v 1.992500 0.330000 -2.640000
v 1.992500 0.190000 -1.860000
v 2.047500 0.190000 -1.860000
v 2.047500 0.330000 -1.860000
v 1.992500 0.330000 -1.860000
v 1.992500 0.190000 -1.140000
v 2.047500 0.190000 -1.140000
v 2.047500 0.330000 -1.140000
v 1.992500 0.330000 -1.140000
v 1.992500 0.190000 -0.360000
v 2.047500 0.190000 -0.360000
v 2.047500 0.330000 -0.360000
v 1.992500 0.330000 -0.360000
v 1.992500 0.190000 0.360000
v 2.047500 0.190000 0.360000
v 2.047500 0.330000 0.360000
v 1.992500 0.330000 0.360000
v 1.992500 0.190000 1.140000
v 2.047500 0.190000 1.140000
v 2.047500 0.330000 1.140000
v 1.992500 0.330000 1.140000
v 1.992500 0.190000 1.860000
v 2.047500 0.190000 1.860000
v 2.047500 0.330000 1.860000
v 1.992500 0.330000 1.860000
v 1.992500 0.190000 2.640000
v 2.047500 0.190000 2.640000
v 2.047500 0.330000 2.640000
v 1.992500 0.330000 2.640000
v 1.992500 0.190000 3.360000
v 2.047500 0.190000 3.360000
v 2.047500 0.330000 3.360000
v 1.992500 0.330000 3.360000
o Hull
usemtl WoodDark
f 1 16 17 2
f 2 17 18 3
f 3 18 19 4
f 4 19 20 5
f 5 20 21 6
f 6 21 22 7
f 7 22 23 8
f 8 23 24 9
f 9 24 25 10
f 10 25 26 11
f 11 26 27 12
f 12 27 28 13
f 13 28 29 14
f 14 29 30 15
f 16 31 32 17
f 17 32 33 18
f 18 33 34 19
f 19 34 35 20
f 20 35 36 21
f 21 36 37 22
f 22 37 38 23
f 23 38 39 24
f 24 39 40 25
f 25 40 41 26
f 26 41 42 27
f 27 42 43 28
f 28 43 44 29
f 29 44 45 30
f 31 46 47 32
f 32 47 48 33
f 33 48 49 34
f 34 49 50 35
f 35 50 51 36
f 36 51 52 37
f 37 52 53 38
f 38 53 54 39
f 39 54 55 40
f 40 55 56 41
f 41 56 57 42
f 42 57 58 43
f 43 58 59 44
f 44 59 60 45
f 46 61 62 47
f 47 62 63 48
f 48 63 64 49
f 49 64 65 50
f 50 65 66 51
f 51 66 67 52
f 52 67 68 53
f 53 68 69 54
f 54 69 70 55
f 55 70 71 56
f 56 71 72 57
f 57 72 73 58
f 58 73 74 59
f 59 74 75 60
f 61 76 77 62
f 62 77 78 63
f 63 78 79 64
f 64 79 80 65
f 65 80 81 66
f 66 81 82 67
f 67 82 83 68
f 68 83 84 69
f 69 84 85 70
f 70 85 86 71
f 71 86 87 72
f 72 87 88 73
f 73 88 89 74
f 74 89 90 75
f 76 91 92 77
f 77 92 93 78
f 78 93 94 79
f 79 94 95 80
f 80 95 96 81
f 81 96 97 82
f 82 97 98 83
f 83 98 99 84
f 84 99 100 85
f 85 100 101 86
f 86 101 102 87
f 87 102 103 88
f 88 103 104 89
f 89 104 105 90
f 91 106 107 92
f 92 107 108 93
f 93 108 109 94
f 94 109 110 95
f 95 110 111 96
f 96 111 112 97
f 97 112 113 98
f 98 113 114 99
f 99 114 115 100
f 100 115 116 101
f 101 116 117 102
f 102 117 118 103
f 103 118 119 104
f 104 119 120 105
f 106 121 122 107
f 107 122 123 108
f 108 123 124 109
f 109 124 125 110
f 110 125 126 111
f 111 126 127 112
f 112 127 128 113
f 113 128 129 114
f 114 129 130 115
f 115 130 131 116
f 116 131 132 117
f 117 132 133 118
f 118 133 134 119
f 119 134 135 120
f 121 136 137 122
f 122 137 138 123
f 123 138 139 124
f 124 139 140 125
f 125 140 141 126
f 126 141 142 127
f 127 142 143 128
f 128 143 144 129
f 129 144 145 130
f 130 145 146 131
f 131 146 147 132
f 132 147 148 133
f 133 148 149 134
f 134 149 150 135
f 136 151 152 137
f 137 152 153 138
f 138 153 154 139
f 139 154 155 140
f 140 155 156 141
f 141 156 157 142
f 142 157 158 143
f 143 158 159 144
f 144 159 160 145
f 145 160 161 146
f 146 161 162 147
f 147 162 163 148
f 148 163 164 149
f 149 164 165 150
f 151 166 167 152
f 152 167 168 153
f 153 168 169 154
f 154 169 170 155
f 155 170 171 156
f 156 171 172 157
f 157 172 173 158
f 158 173 174 159
f 159 174 175 160
f 160 175 176 161
f 161 176 177 162
f 162 177 178 163
f 163 178 179 164
f 164 179 180 165
f 166 181 182 167
f 167 182 183 168
f 168 183 184 169
f 169 184 185 170
f 170 185 186 171
f 171 186 187 172
f 172 187 188 173
f 173 188 189 174
f 174 189 190 175
f 175 190 191 176
f 176 191 192 177
f 177 192 193 178
f 178 193 194 179
f 179 194 195 180
f 181 196 197 182
f 182 197 198 183
f 183 198 199 184
f 184 199 200 185
f 185 200 201 186
f 186 201 202 187
f 187 202 203 188
f 188 203 204 189
f 189 204 205 190
f 190 205 206 191
f 191 206 207 192
f 192 207 208 193
f 193 208 209 194
f 194 209 210 195
f 196 211 212 197
f 197 212 213 198
f 198 213 214 199
f 199 214 215 200
f 200 215 216 201
f 201 216 217 202
f 202 217 218 203
f 203 218 219 204
f 204 219 220 205
f 205 220 221 206
f 206 221 222 207
f 207 222 223 208
f 208 223 224 209
f 209 224 225 210
f 211 226 227 212
f 212 227 228 213
f 213 228 229 214
f 214 229 230 215
f 215 230 231 216
f 216 231 232 217
f 217 232 233 218
f 218 233 234 219
f 219 234 235 220
f 220 235 236 221
f 221 236 237 222
f 222 237 238 223
f 223 238 239 224
f 224 239 240 225
f 226 241 242 227
f 227 242 243 228
f 228 243 244 229
f 229 244 245 230
f 230 245 246 231
f 231 246 247 232
f 232 247 248 233
f 233 248 249 234
f 234 249 250 235
f 235 250 251 236
f 236 251 252 237
f 237 252 253 238
f 238 253 254 239
f 239 254 255 240
f 241 256 257 242
f 242 257 258 243
f 243 258 259 244
f 244 259 260 245
f 245 260 261 246
f 246 261 262 247
f 247 262 263 248
f 248 263 264 249
f 249 264 265 250
f 250 265 266 251
f 251 266 267 252
f 252 267 268 253
f 253 268 269 254
f 254 269 270 255
f 256 271 272 257
f 257 272 273 258
f 258 273 274 259
f 259 274 275 260
f 260 275 276 261
f 261 276 277 262
f 262 277 278 263
f 263 278 279 264
f 264 279 280 265
f 265 280 281 266
f 266 281 282 267
f 267 282 283 268
f 268 283 284 269
f 269 284 285 270
f 271 286 287 272
f 272 287 288 273
f 273 288 289 274
f 274 289 290 275
f 275 290 291 276
f 276 291 292 277
f 277 292 293 278
f 278 293 294 279
f 279 294 295 280
f 280 295 296 281
f 281 296 297 282
f 282 297 298 283
f 283 298 299 284
f 284 299 300 285
f 286 301 302 287
f 287 302 303 288
f 288 303 304 289
f 289 304 305 290
f 290 305 306 291
f 291 306 307 292
f 292 307 308 293
f 293 308 309 294
f 294 309 310 295
f 295 310 311 296
f 296 311 312 297
f 297 312 313 298
f 298 313 314 299
f 299 314 315 300
f 301 316 317 302
f 302 317 318 303
f 303 318 319 304
f 304 319 320 305
f 305 320 321 306
f 306 321 322 307
f 307 322 323 308
f 308 323 324 309
f 309 324 325 310
f 310 325 326 311
f 311 326 327 312
f 312 327 328 313
f 313 328 329 314
f 314 329 330 315
f 316 331 332 317
f 317 332 333 318
f 318 333 334 319
f 319 334 335 320
f 320 335 336 321
f 321 336 337 322
f 322 337 338 323
f 323 338 339 324
f 324 339 340 325
f 325 340 341 326
f 326 341 342 327
f 327 342 343 328
f 328 343 344 329
f 329 344 345 330
f 331 346 347 332
f 332 347 348 333
f 333 348 349 334
f 334 349 350 335
f 335 350 351 336
f 336 351 352 337
f 337 352 353 338
f 338 353 354 339
f 339 354 355 340
f 340 355 356 341
f 341 356 357 342
f 342 357 358 343
f 343 358 359 344
f 344 359 360 345
f 346 361 362 347
f 347 362 363 348
f 348 363 364 349
f 349 364 365 350
f 350 365 366 351
f 351 366 367 352
f 352 367 368 353
f 353 368 369 354
f 354 369 370 355
f 355 370 371 356
f 356 371 372 357
f 357 372 373 358
f 358 373 374 359
f 359 374 375 360
f 15 14 13 12 11 10 9 8 7 6 5 4 3 2 1
f 361 362 363 364 365 366 367 368 369 370 371 372 373 374 375
o Deck
usemtl WoodLight
f 376 377 386 385
f 377 378 387 386
f 378 379 388 387
f 379 380 389 388
f 380 381 390 389
f 381 382 391 390
f 382 383 392 391
f 383 384 393 392
f 385 386 395 394
f 386 387 396 395
f 387 388 397 396
f 388 389 398 397
f 389 390 399 398
f 390 391 400 399
f 391 392 401 400
f 392 393 402 401
f 394 395 404 403
f 395 396 405 404
f 396 397 406 405
f 397 398 407 406
f 398 399 408 407
f 399 400 409 408
f 400 401 410 409
f 401 402 411 410
f 403 404 413 412
f 404 405 414 413
f 405 406 415 414
f 406 407 416 415
f 407 408 417 416
f 408 409 418 417
f 409 410 419 418
f 410 411 420 419
f 412 413 422 421
f 413 414 423 422
f 414 415 424 423
f 415 416 425 424
f 416 417 426 425
f 417 418 427 426
f 418 419 428 427
f 419 420 429 428
f 421 422 431 430
f 422 423 432 431
f 423 424 433 432
f 424 425 434 433
f 425 426 435 434
f 426 427 436 435
f 427 428 437 436
f 428 429 438 437
f 430 431 440 439
f 431 432 441 440
f 432 433 442 441
f 433 434 443 442
f 434 435 444 443
f 435 436 445 444
f 436 437 446 445
f 437 438 447 446
f 439 440 449 448
f 440 441 450 449
f 441 442 451 450
f 442 443 452 451
f 443 444 453 452
f 444 445 454 453
f 445 446 455 454
f 446 447 456 455
f 448 449 458 457
f 449 450 459 458
f 450 451 460 459
f 451 452 461 460
f 452 453 462 461
f 453 454 463 462
f 454 455 464 463
f 455 456 465 464
f 457 458 467 466
f 458 459 468 467
f 459 460 469 468
f 460 461 470 469
f 461 462 471 470
f 462 463 472 471
f 463 464 473 472
f 464 465 474 473
f 466 467 476 475
f 467 468 477 476
f 468 469 478 477
f 469 470 479 478
f 470 471 480 479
f 471 472 481 480
f 472 473 482 481
f 473 474 483 482
f 475 476 485 484
f 476 477 486 485
f 477 478 487 486
f 478 479 488 487
f 479 480 489 488
f 480 481 490 489
f 481 482 491 490
f 482 483 492 491
f 484 485 494 493
f 485 486 495 494
f 486 487 496 495
f 487 488 497 496
f 488 489 498 497
f 489 490 499 498
f 490 491 500 499
f 491 492 501 500
f 493 494 503 502
f 494 495 504 503
f 495 496 505 504
f 496 497 506 505
f 497 498 507 506
f 498 499 508 507
f 499 500 509 508
f 500 501 510 509
f 502 503 512 511
f 503 504 513 512
f 504 505 514 513
f 505 506 515 514
f 506 507 516 515
f 507 508 517 516
f 508 509 518 517
f 509 510 519 518
f 511 512 521 520
f 512 513 522 521
f 513 514 523 522
f 514 515 524 523
f 515 516 525 524
f 516 517 526 525
f 517 518 527 526
f 518 519 528 527
f 520 521 530 529
f 521 522 531 530
f 522 523 532 531
f 523 524 533 532
f 524 525 534 533
f 525 526 535 534
f 526 527 536 535
f 527 528 537 536
f 529 530 539 538
f 530 531 540 539
f 531 532 541 540
f 532 533 542 541
f 533 534 543 542
f 534 535 544 543
f 535 536 545 544
f 536 537 546 545
o DeckPlankLines
usemtl WoodDark
f 547 548 549 550
f 551 554 553 552
f 547 551 552 548
f 548 552 553 549
f 549 553 554 550
f 550 554 551 547
f 555 556 557 558
f 559 562 561 560
f 555 559 560 556
f 556 560 561 557
f 557 561 562 558
f 558 562 559 555
f 563 564 565 566
f 567 570 569 568
f 563 567 568 564
f 564 568 569 565
f 565 569 570 566
f 566 570 567 563
f 571 572 573 574
f 575 578 577 576
f 571 575 576 572
f 572 576 577 573
f 573 577 578 574
f 574 578 575 571
f 579 580 581 582
f 583 586 585 584
f 579 583 584 580
f 580 584 585 581
f 581 585 586 582
f 582 586 583 579
o Gunwales
usemtl WoodRed
f 587 588 598 597
f 588 589 599 598
f 589 590 600 599
f 590 591 601 600
f 591 592 602 601
f 592 593 603 602
f 593 594 604 603
f 594 595 605 604
f 595 596 606 605
f 596 587 597 606
f 607 608 618 617
f 608 609 619 618
f 609 610 620 619
f 610 611 621 620
f 611 612 622 621
f 612 613 623 622
f 613 614 624 623
f 614 615 625 624
f 615 616 626 625
f 616 607 617 626
f 627 628 638 637
f 628 629 639 638
f 629 630 640 639
f 630 631 641 640
f 631 632 642 641
f 632 633 643 642
f 633 634 644 643
f 634 635 645 644
f 635 636 646 645
f 636 627 637 646
f 647 648 658 657
f 648 649 659 658
f 649 650 660 659
f 650 651 661 660
f 651 652 662 661
f 652 653 663 662
f 653 654 664 663
f 654 655 665 664
f 655 656 666 665
f 656 647 657 666
o RailPosts
usemtl WoodDark
f 674 673 672 671 670 669 668 667
f 675 676 677 678 679 680 681 682
f 667 668 676 675
f 668 669 677 676
f 669 670 678 677
f 670 671 679 678
f 671 672 680 679
f 672 673 681 680
f 673 674 682 681
f 674 667 675 682
f 690 689 688 687 686 685 684 683
f 691 692 693 694 695 696 697 698
f 683 684 692 691
f 684 685 693 692
f 685 686 694 693
f 686 687 695 694
f 687 688 696 695
f 688 689 697 696
f 689 690 698 697
f 690 683 691 698
f 706 705 704 703 702 701 700 699
f 707 708 709 710 711 712 713 714
f 699 700 708 707
f 700 701 709 708
f 701 702 710 709
f 702 703 711 710
f 703 704 712 711
f 704 705 713 712
f 705 706 714 713
f 706 699 707 714
f 722 721 720 719 718 717 716 715
f 723 724 725 726 727 728 729 730
f 715 716 724 723
f 716 717 725 724
f 717 718 726 725
f 718 719 727 726
f 719 720 728 727
f 720 721 729 728
f 721 722 730 729
f 722 715 723 730
f 738 737 736 735 734 733 732 731
f 739 740 741 742 743 744 745 746
f 731 732 740 739
f 732 733 741 740
f 733 734 742 741
f 734 735 743 742
f 735 736 744 743
f 736 737 745 744
f 737 738 746 745
f 738 731 739 746
f 754 753 752 751 750 749 748 747
f 755 756 757 758 759 760 761 762
f 747 748 756 755
f 748 749 757 756
f 749 750 758 757
f 750 751 759 758
f 751 752 760 759
f 752 753 761 760
f 753 754 762 761
f 754 747 755 762
f 770 769 768 767 766 765 764 763
f 771 772 773 774 775 776 777 778
f 763 764 772 771
f 764 765 773 772
f 765 766 774 773
f 766 767 775 774
f 767 768 776 775
f 768 769 777 776
f 769 770 778 777
f 770 763 771 778
f 786 785 784 783 782 781 780 779
f 787 788 789 790 791 792 793 794
f 779 780 788 787
f 780 781 789 788
f 781 782 790 789
f 782 783 791 790
f 783 784 792 791
f 784 785 793 792
f 785 786 794 793
f 786 779 787 794
f 802 801 800 799 798 797 796 795
f 803 804 805 806 807 808 809 810
f 795 796 804 803
f 796 797 805 804
f 797 798 806 805
f 798 799 807 806
f 799 800 808 807
f 800 801 809 808
f 801 802 810 809
f 802 795 803 810
f 818 817 816 815 814 813 812 811
f 819 820 821 822 823 824 825 826
f 811 812 820 819
f 812 813 821 820
f 813 814 822 821
f 814 815 823 822
f 815 816 824 823
f 816 817 825 824
f 817 818 826 825
f 818 811 819 826
f 834 833 832 831 830 829 828 827
f 835 836 837 838 839 840 841 842
f 827 828 836 835
f 828 829 837 836
f 829 830 838 837
f 830 831 839 838
f 831 832 840 839
f 832 833 841 840
f 833 834 842 841
f 834 827 835 842
f 850 849 848 847 846 845 844 843
f 851 852 853 854 855 856 857 858
f 843 844 852 851
f 844 845 853 852
f 845 846 854 853
f 846 847 855 854
f 847 848 856 855
f 848 849 857 856
f 849 850 858 857
f 850 843 851 858
o RailRopes
usemtl Rope
f 859 860 867 866
f 860 861 868 867
f 861 862 869 868
f 862 863 870 869
f 863 864 871 870
f 864 865 872 871
f 865 859 866 872
f 873 874 881 880
f 874 875 882 881
f 875 876 883 882
f 876 877 884 883
f 877 878 885 884
f 878 879 886 885
f 879 873 880 886
f 887 888 895 894
f 888 889 896 895
f 889 890 897 896
f 890 891 898 897
f 891 892 899 898
f 892 893 900 899
f 893 887 894 900
f 901 902 909 908
f 902 903 910 909
f 903 904 911 910
f 904 905 912 911
f 905 906 913 912
f 906 907 914 913
f 907 901 908 914
f 915 916 923 922
f 916 917 924 923
f 917 918 925 924
f 918 919 926 925
f 919 920 927 926
f 920 921 928 927
f 921 915 922 928
f 929 930 937 936
f 930 931 938 937
f 931 932 939 938
f 932 933 940 939
f 933 934 941 940
f 934 935 942 941
f 935 929 936 942
f 943 944 951 950
f 944 945 952 951
f 945 946 953 952
f 946 947 954 953
f 947 948 955 954
f 948 949 956 955
f 949 943 950 956
f 957 958 965 964
f 958 959 966 965
f 959 960 967 966
f 960 961 968 967
f 961 962 969 968
f 962 963 970 969
f 963 957 964 970
f 971 972 979 978
f 972 973 980 979
f 973 974 981 980
f 974 975 982 981
f 975 976 983 982
f 976 977 984 983
f 977 971 978 984
f 985 986 993 992
f 986 987 994 993
f 987 988 995 994
f 988 989 996 995
f 989 990 997 996
f 990 991 998 997
f 991 985 992 998
o Cabin
usemtl WoodLight
f 999 1000 1008 1007
f 1000 1001 1009 1008
f 1001 1002 1010 1009
f 1002 1003 1011 1010
f 1003 1004 1012 1011
f 1004 1005 1013 1012
f 1005 1006 1014 1013
f 1006 999 1007 1014
f 1007 1008 1009 1010 1011 1012 1013 1014
f 1006 1005 1004 1003 1002 1001 1000 999
o CabinTrim
usemtl AccentGold
f 1015 1016 1017 1018
f 1019 1022 1021 1020
f 1015 1019 1020 1016
f 1016 1020 1021 1017
f 1017 1021 1022 1018
f 1018 1022 1019 1015
f 1023 1024 1025 1026
f 1027 1030 1029 1028
f 1023 1027 1028 1024
f 1024 1028 1029 1025
f 1025 1029 1030 1026
f 1026 1030 1027 1023
o CabinRoof
usemtl WoodRed
f 1031 1032 1043 1042
f 1032 1033 1044 1043
f 1033 1034 1045 1044
f 1034 1035 1046 1045
f 1035 1036 1047 1046
f 1036 1037 1048 1047
f 1037 1038 1049 1048
f 1038 1039 1050 1049
f 1039 1040 1051 1050
f 1040 1041 1052 1051
f 1042 1043 1054 1053
f 1043 1044 1055 1054
f 1044 1045 1056 1055
f 1045 1046 1057 1056
f 1046 1047 1058 1057
f 1047 1048 1059 1058
f 1048 1049 1060 1059
f 1049 1050 1061 1060
f 1050 1051 1062 1061
f 1051 1052 1063 1062
o Mast
usemtl WoodDark
f 1081 1080 1079 1078 1077 1076 1075 1074 1073 1072 1071 1070 1069 1068 1067 1066 1065 1064
f 1082 1083 1084 1085 1086 1087 1088 1089 1090 1091 1092 1093 1094 1095 1096 1097 1098 1099
f 1064 1065 1083 1082
f 1065 1066 1084 1083
f 1066 1067 1085 1084
f 1067 1068 1086 1085
f 1068 1069 1087 1086
f 1069 1070 1088 1087
f 1070 1071 1089 1088
f 1071 1072 1090 1089
f 1072 1073 1091 1090
f 1073 1074 1092 1091
f 1074 1075 1093 1092
f 1075 1076 1094 1093
f 1076 1077 1095 1094
f 1077 1078 1096 1095
f 1078 1079 1097 1096
f 1079 1080 1098 1097
f 1080 1081 1099 1098
f 1081 1064 1082 1099
o Yard
usemtl WoodDark
f 1113 1112 1111 1110 1109 1108 1107 1106 1105 1104 1103 1102 1101 1100
f 1114 1115 1116 1117 1118 1119 1120 1121 1122 1123 1124 1125 1126 1127
f 1100 1101 1115 1114
f 1101 1102 1116 1115
f 1102 1103 1117 1116
f 1103 1104 1118 1117
f 1104 1105 1119 1118
f 1105 1106 1120 1119
f 1106 1107 1121 1120
f 1107 1108 1122 1121
f 1108 1109 1123 1122
f 1109 1110 1124 1123
f 1110 1111 1125 1124
f 1111 1112 1126 1125
f 1112 1113 1127 1126
f 1113 1100 1114 1127
o Rigging
usemtl Rope
f 1128 1129 1136 1135
f 1129 1130 1137 1136
f 1130 1131 1138 1137
f 1131 1132 1139 1138
f 1132 1133 1140 1139
f 1133 1134 1141 1140
f 1134 1128 1135 1141
f 1142 1143 1150 1149
f 1143 1144 1151 1150
f 1144 1145 1152 1151
f 1145 1146 1153 1152
f 1146 1147 1154 1153
f 1147 1148 1155 1154
f 1148 1142 1149 1155
f 1156 1157 1164 1163
f 1157 1158 1165 1164
f 1158 1159 1166 1165
f 1159 1160 1167 1166
f 1160 1161 1168 1167
f 1161 1162 1169 1168
f 1162 1156 1163 1169
f 1170 1171 1178 1177
f 1171 1172 1179 1178
f 1172 1173 1180 1179
f 1173 1174 1181 1180
f 1174 1175 1182 1181
f 1175 1176 1183 1182
f 1176 1170 1177 1183
f 1184 1185 1192 1191
f 1185 1186 1193 1192
f 1186 1187 1194 1193
f 1187 1188 1195 1194
f 1188 1189 1196 1195
f 1189 1190 1197 1196
f 1190 1184 1191 1197
o Sail
usemtl SailCream
f 1198 1199 1210 1209
f 1199 1200 1211 1210
f 1200 1201 1212 1211
f 1201 1202 1213 1212
f 1202 1203 1214 1213
f 1203 1204 1215 1214
f 1204 1205 1216 1215
f 1205 1206 1217 1216
f 1206 1207 1218 1217
f 1207 1208 1219 1218
f 1209 1210 1221 1220
f 1210 1211 1222 1221
f 1211 1212 1223 1222
f 1212 1213 1224 1223
f 1213 1214 1225 1224
f 1214 1215 1226 1225
f 1215 1216 1227 1226
f 1216 1217 1228 1227
f 1217 1218 1229 1228
f 1218 1219 1230 1229
f 1220 1221 1232 1231
f 1221 1222 1233 1232
f 1222 1223 1234 1233
f 1223 1224 1235 1234
f 1224 1225 1236 1235
f 1225 1226 1237 1236
f 1226 1227 1238 1237
f 1227 1228 1239 1238
f 1228 1229 1240 1239
f 1229 1230 1241 1240
f 1231 1232 1243 1242
f 1232 1233 1244 1243
f 1233 1234 1245 1244
f 1234 1235 1246 1245
f 1235 1236 1247 1246
f 1236 1237 1248 1247
f 1237 1238 1249 1248
f 1238 1239 1250 1249
f 1239 1240 1251 1250
f 1240 1241 1252 1251
f 1242 1243 1254 1253
f 1243 1244 1255 1254
f 1244 1245 1256 1255
f 1245 1246 1257 1256
f 1246 1247 1258 1257
f 1247 1248 1259 1258
f 1248 1249 1260 1259
f 1249 1250 1261 1260
f 1250 1251 1262 1261
f 1251 1252 1263 1262
f 1253 1254 1265 1264
f 1254 1255 1266 1265
f 1255 1256 1267 1266
f 1256 1257 1268 1267
f 1257 1258 1269 1268
f 1258 1259 1270 1269
f 1259 1260 1271 1270
f 1260 1261 1272 1271
f 1261 1262 1273 1272
f 1262 1263 1274 1273
f 1264 1265 1276 1275
f 1265 1266 1277 1276
f 1266 1267 1278 1277
f 1267 1268 1279 1278
f 1268 1269 1280 1279
f 1269 1270 1281 1280
f 1270 1271 1282 1281
f 1271 1272 1283 1282
f 1272 1273 1284 1283
f 1273 1274 1285 1284
f 1275 1276 1287 1286
f 1276 1277 1288 1287
f 1277 1278 1289 1288
f 1278 1279 1290 1289
f 1279 1280 1291 1290
f 1280 1281 1292 1291
f 1281 1282 1293 1292
f 1282 1283 1294 1293
f 1283 1284 1295 1294
f 1284 1285 1296 1295
o SailBorders
usemtl AccentRed
f 1297 1298 1299 1300
f 1301 1304 1303 1302
f 1297 1301 1302 1298
f 1298 1302 1303 1299
f 1299 1303 1304 1300
f 1300 1304 1301 1297
f 1305 1306 1307 1308
f 1309 1312 1311 1310
f 1305 1309 1310 1306
f 1306 1310 1311 1307
f 1307 1311 1312 1308
f 1308 1312 1309 1305
f 1313 1314 1315 1316
f 1317 1320 1319 1318
f 1313 1317 1318 1314
f 1314 1318 1319 1315
f 1315 1319 1320 1316
f 1316 1320 1317 1313
f 1321 1322 1323 1324
f 1325 1328 1327 1326
f 1321 1325 1326 1322
f 1322 1326 1327 1323
f 1323 1327 1328 1324
f 1324 1328 1325 1321
f 1329 1330 1331 1332
f 1333 1336 1335 1334
f 1329 1333 1334 1330
f 1330 1334 1335 1331
f 1331 1335 1336 1332
f 1332 1336 1333 1329
f 1337 1338 1339 1340
f 1341 1344 1343 1342
f 1337 1341 1342 1338
f 1338 1342 1343 1339
f 1339 1343 1344 1340
f 1340 1344 1341 1337
f 1345 1346 1347 1348
f 1349 1352 1351 1350
f 1345 1349 1350 1346
f 1346 1350 1351 1347
f 1347 1351 1352 1348
f 1348 1352 1349 1345
f 1353 1354 1355 1356
f 1357 1360 1359 1358
f 1353 1357 1358 1354
f 1354 1358 1359 1355
f 1355 1359 1360 1356
f 1356 1360 1357 1353
o SailEmblem
usemtl AccentRed
f 1361 1362 1363 1364
f 1365 1368 1367 1366
f 1361 1365 1366 1362
f 1362 1366 1367 1363
f 1363 1367 1368 1364
f 1364 1368 1365 1361
f 1369 1370 1371 1372
f 1373 1376 1375 1374
f 1369 1373 1374 1370
f 1370 1374 1375 1371
f 1371 1375 1376 1372
f 1372 1376 1373 1369
f 1377 1378 1385 1384
f 1378 1379 1386 1385
f 1379 1380 1387 1386
f 1380 1381 1388 1387
f 1381 1382 1389 1388
f 1382 1383 1390 1389
f 1383 1377 1384 1390
f 1391 1392 1399 1398
f 1392 1393 1400 1399
f 1393 1394 1401 1400
f 1394 1395 1402 1401
f 1395 1396 1403 1402
f 1396 1397 1404 1403
f 1397 1391 1398 1404
o Rudder
usemtl WoodRed
f 1405 1406 1407 1408
f 1409 1412 1411 1410
f 1405 1409 1410 1406
f 1406 1410 1411 1407
f 1407 1411 1412 1408
f 1408 1412 1409 1405
o Bowsprit
usemtl WoodDark
f 1413 1414 1424 1423
f 1414 1415 1425 1424
f 1415 1416 1426 1425
f 1416 1417 1427 1426
f 1417 1418 1428 1427
f 1418 1419 1429 1428
f 1419 1420 1430 1429
f 1420 1421 1431 1430
f 1421 1422 1432 1431
f 1422 1413 1423 1432
o ProwOrnament
usemtl AccentGold
f 1433 1434 1444 1443
f 1434 1435 1445 1444
f 1435 1436 1446 1445
f 1436 1437 1447 1446
f 1437 1438 1448 1447
f 1438 1439 1449 1448
f 1439 1440 1450 1449
f 1440 1441 1451 1450
f 1441 1442 1452 1451
f 1442 1433 1443 1452
f 1453 1454 1464 1463
f 1454 1455 1465 1464
f 1455 1456 1466 1465
f 1456 1457 1467 1466
f 1457 1458 1468 1467
f 1458 1459 1469 1468
f 1459 1460 1470 1469
f 1460 1461 1471 1470
f 1461 1462 1472 1471
f 1462 1453 1463 1472
f 1473 1474 1475 1476
f 1477 1480 1479 1478
f 1473 1477 1478 1474
f 1474 1478 1479 1475
f 1475 1479 1480 1476
f 1476 1480 1477 1473
f 1481 1482 1483 1484
f 1485 1488 1487 1486
f 1481 1485 1486 1482
f 1482 1486 1487 1483
f 1483 1487 1488 1484
f 1484 1488 1485 1481
o Shields
usemtl AccentRed
f 1508 1507 1506 1505 1504 1503 1502 1501 1500 1499 1498 1497 1496 1495 1494 1493 1492 1491 1490 1489
f 1509 1510 1511 1512 1513 1514 1515 1516 1517 1518 1519 1520 1521 1522 1523 1524 1525 1526 1527 1528
f 1489 1490 1510 1509
f 1490 1491 1511 1510
f 1491 1492 1512 1511
f 1492 1493 1513 1512
f 1493 1494 1514 1513
f 1494 1495 1515 1514
f 1495 1496 1516 1515
f 1496 1497 1517 1516
f 1497 1498 1518 1517
f 1498 1499 1519 1518
f 1499 1500 1520 1519
f 1500 1501 1521 1520
f 1501 1502 1522 1521
f 1502 1503 1523 1522
f 1503 1504 1524 1523
f 1504 1505 1525 1524
f 1505 1506 1526 1525
f 1506 1507 1527 1526
f 1507 1508 1528 1527
f 1508 1489 1509 1528
f 1548 1547 1546 1545 1544 1543 1542 1541 1540 1539 1538 1537 1536 1535 1534 1533 1532 1531 1530 1529
f 1549 1550 1551 1552 1553 1554 1555 1556 1557 1558 1559 1560 1561 1562 1563 1564 1565 1566 1567 1568
f 1529 1530 1550 1549
f 1530 1531 1551 1550
f 1531 1532 1552 1551
f 1532 1533 1553 1552
f 1533 1534 1554 1553
f 1534 1535 1555 1554
f 1535 1536 1556 1555
f 1536 1537 1557 1556
f 1537 1538 1558 1557
f 1538 1539 1559 1558
f 1539 1540 1560 1559
f 1540 1541 1561 1560
f 1541 1542 1562 1561
f 1542 1543 1563 1562
f 1543 1544 1564 1563
f 1544 1545 1565 1564
f 1545 1546 1566 1565
f 1546 1547 1567 1566
f 1547 1548 1568 1567
f 1548 1529 1549 1568
f 1588 1587 1586 1585 1584 1583 1582 1581 1580 1579 1578 1577 1576 1575 1574 1573 1572 1571 1570 1569
f 1589 1590 1591 1592 1593 1594 1595 1596 1597 1598 1599 1600 1601 1602 1603 1604 1605 1606 1607 1608
f 1569 1570 1590 1589
f 1570 1571 1591 1590
f 1571 1572 1592 1591
f 1572 1573 1593 1592
f 1573 1574 1594 1593
f 1574 1575 1595 1594
f 1575 1576 1596 1595
f 1576 1577 1597 1596
f 1577 1578 1598 1597
f 1578 1579 1599 1598
f 1579 1580 1600 1599
f 1580 1581 1601 1600
f 1581 1582 1602 1601
f 1582 1583 1603 1602
f 1583 1584 1604 1603
f 1584 1585 1605 1604
f 1585 1586 1606 1605
f 1586 1587 1607 1606
f 1587 1588 1608 1607
f 1588 1569 1589 1608
f 1628 1627 1626 1625 1624 1623 1622 1621 1620 1619 1618 1617 1616 1615 1614 1613 1612 1611 1610 1609
f 1629 1630 1631 1632 1633 1634 1635 1636 1637 1638 1639 1640 1641 1642 1643 1644 1645 1646 1647 1648
f 1609 1610 1630 1629
f 1610 1611 1631 1630
f 1611 1612 1632 1631
f 1612 1613 1633 1632
f 1613 1614 1634 1633
f 1614 1615 1635 1634
f 1615 1616 1636 1635
f 1616 1617 1637 1636
f 1617 1618 1638 1637
f 1618 1619 1639 1638
f 1619 1620 1640 1639
f 1620 1621 1641 1640
f 1621 1622 1642 1641
f 1622 1623 1643 1642
f 1623 1624 1644 1643
f 1624 1625 1645 1644
f 1625 1626 1646 1645
f 1626 1627 1647 1646
f 1627 1628 1648 1647
f 1628 1609 1629 1648
f 1668 1667 1666 1665 1664 1663 1662 1661 1660 1659 1658 1657 1656 1655 1654 1653 1652 1651 1650 1649
f 1669 1670 1671 1672 1673 1674 1675 1676 1677 1678 1679 1680 1681 1682 1683 1684 1685 1686 1687 1688
f 1649 1650 1670 1669
f 1650 1651 1671 1670
f 1651 1652 1672 1671
f 1652 1653 1673 1672
f 1653 1654 1674 1673
f 1654 1655 1675 1674
f 1655 1656 1676 1675
f 1656 1657 1677 1676
f 1657 1658 1678 1677
f 1658 1659 1679 1678
f 1659 1660 1680 1679
f 1660 1661 1681 1680
f 1661 1662 1682 1681
f 1662 1663 1683 1682
f 1663 1664 1684 1683
f 1664 1665 1685 1684
f 1665 1666 1686 1685
f 1666 1667 1687 1686
f 1667 1668 1688 1687
f 1668 1649 1669 1688
f 1708 1707 1706 1705 1704 1703 1702 1701 1700 1699 1698 1697 1696 1695 1694 1693 1692 1691 1690 1689
f 1709 1710 1711 1712 1713 1714 1715 1716 1717 1718 1719 1720 1721 1722 1723 1724 1725 1726 1727 1728
f 1689 1690 1710 1709
f 1690 1691 1711 1710
f 1691 1692 1712 1711
f 1692 1693 1713 1712
f 1693 1694 1714 1713
f 1694 1695 1715 1714
f 1695 1696 1716 1715
f 1696 1697 1717 1716
f 1697 1698 1718 1717
f 1698 1699 1719 1718
f 1699 1700 1720 1719
f 1700 1701 1721 1720
f 1701 1702 1722 1721
f 1702 1703 1723 1722
f 1703 1704 1724 1723
f 1704 1705 1725 1724
f 1705 1706 1726 1725
f 1706 1707 1727 1726
f 1707 1708 1728 1727
f 1708 1689 1709 1728
o ShieldBosses
usemtl AccentGold
f 1740 1739 1738 1737 1736 1735 1734 1733 1732 1731 1730 1729
f 1741 1742 1743 1744 1745 1746 1747 1748 1749 1750 1751 1752
f 1729 1730 1742 1741
f 1730 1731 1743 1742
f 1731 1732 1744 1743
f 1732 1733 1745 1744
f 1733 1734 1746 1745
f 1734 1735 1747 1746
f 1735 1736 1748 1747
f 1736 1737 1749 1748
f 1737 1738 1750 1749
f 1738 1739 1751 1750
f 1739 1740 1752 1751
f 1740 1729 1741 1752
f 1764 1763 1762 1761 1760 1759 1758 1757 1756 1755 1754 1753
f 1765 1766 1767 1768 1769 1770 1771 1772 1773 1774 1775 1776
f 1753 1754 1766 1765
f 1754 1755 1767 1766
f 1755 1756 1768 1767
f 1756 1757 1769 1768
f 1757 1758 1770 1769
f 1758 1759 1771 1770
f 1759 1760 1772 1771
f 1760 1761 1773 1772
f 1761 1762 1774 1773
f 1762 1763 1775 1774
f 1763 1764 1776 1775
f 1764 1753 1765 1776
f 1788 1787 1786 1785 1784 1783 1782 1781 1780 1779 1778 1777
f 1789 1790 1791 1792 1793 1794 1795 1796 1797 1798 1799 1800
f 1777 1778 1790 1789
f 1778 1779 1791 1790
f 1779 1780 1792 1791
f 1780 1781 1793 1792
f 1781 1782 1794 1793
f 1782 1783 1795 1794
f 1783 1784 1796 1795
f 1784 1785 1797 1796
f 1785 1786 1798 1797
f 1786 1787 1799 1798
f 1787 1788 1800 1799
f 1788 1777 1789 1800
f 1812 1811 1810 1809 1808 1807 1806 1805 1804 1803 1802 1801
f 1813 1814 1815 1816 1817 1818 1819 1820 1821 1822 1823 1824
f 1801 1802 1814 1813
f 1802 1803 1815 1814
f 1803 1804 1816 1815
f 1804 1805 1817 1816
f 1805 1806 1818 1817
f 1806 1807 1819 1818
f 1807 1808 1820 1819
f 1808 1809 1821 1820
f 1809 1810 1822 1821
f 1810 1811 1823 1822
f 1811 1812 1824 1823
f 1812 1801 1813 1824
f 1836 1835 1834 1833 1832 1831 1830 1829 1828 1827 1826 1825
f 1837 1838 1839 1840 1841 1842 1843 1844 1845 1846 1847 1848
f 1825 1826 1838 1837
f 1826 1827 1839 1838
f 1827 1828 1840 1839
f 1828 1829 1841 1840
f 1829 1830 1842 1841
f 1830 1831 1843 1842
f 1831 1832 1844 1843
f 1832 1833 1845 1844
f 1833 1834 1846 1845
f 1834 1835 1847 1846
f 1835 1836 1848 1847
f 1836 1825 1837 1848
f 1860 1859 1858 1857 1856 1855 1854 1853 1852 1851 1850 1849
f 1861 1862 1863 1864 1865 1866 1867 1868 1869 1870 1871 1872
f 1849 1850 1862 1861
f 1850 1851 1863 1862
f 1851 1852 1864 1863
f 1852 1853 1865 1864
f 1853 1854 1866 1865
f 1854 1855 1867 1866
f 1855 1856 1868 1867
f 1856 1857 1869 1868
f 1857 1858 1870 1869
f 1858 1859 1871 1870
f 1859 1860 1872 1871
f 1860 1849 1861 1872
o DeckDetails
usemtl WoodDark
f 1886 1885 1884 1883 1882 1881 1880 1879 1878 1877 1876 1875 1874 1873
f 1887 1888 1889 1890 1891 1892 1893 1894 1895 1896 1897 1898 1899 1900
f 1873 1874 1888 1887
f 1874 1875 1889 1888
f 1875 1876 1890 1889
f 1876 1877 1891 1890
f 1877 1878 1892 1891
f 1878 1879 1893 1892
f 1879 1880 1894 1893
f 1880 1881 1895 1894
f 1881 1882 1896 1895
f 1882 1883 1897 1896
f 1883 1884 1898 1897
f 1884 1885 1899 1898
f 1885 1886 1900 1899
f 1886 1873 1887 1900
f 1912 1911 1910 1909 1908 1907 1906 1905 1904 1903 1902 1901
f 1913 1914 1915 1916 1917 1918 1919 1920 1921 1922 1923 1924
f 1901 1902 1914 1913
f 1902 1903 1915 1914
f 1903 1904 1916 1915
f 1904 1905 1917 1916
f 1905 1906 1918 1917
f 1906 1907 1919 1918
f 1907 1908 1920 1919
f 1908 1909 1921 1920
f 1909 1910 1922 1921
f 1910 1911 1923 1922
f 1911 1912 1924 1923
f 1912 1901 1913 1924
f 1925 1926 1927 1928
f 1929 1932 1931 1930
f 1925 1929 1930 1926
f 1926 1930 1931 1927
f 1927 1931 1932 1928
f 1928 1932 1929 1925
f 1933 1934 1935 1936
f 1937 1940 1939 1938
f 1933 1937 1938 1934
f 1934 1938 1939 1935
f 1935 1939 1940 1936
f 1936 1940 1937 1933
o FigureheadNeck
usemtl AccentGold
f 1941 1942 1956 1955
f 1942 1943 1957 1956
f 1943 1944 1958 1957
f 1944 1945 1959 1958
f 1945 1946 1960 1959
f 1946 1947 1961 1960
f 1947 1948 1962 1961
f 1948 1949 1963 1962
f 1949 1950 1964 1963
f 1950 1951 1965 1964
f 1951 1952 1966 1965
f 1952 1953 1967 1966
f 1953 1954 1968 1967
f 1954 1941 1955 1968
f 1969 1970 1984 1983
f 1970 1971 1985 1984
f 1971 1972 1986 1985
f 1972 1973 1987 1986
f 1973 1974 1988 1987
f 1974 1975 1989 1988
f 1975 1976 1990 1989
f 1976 1977 1991 1990
f 1977 1978 1992 1991
f 1978 1979 1993 1992
f 1979 1980 1994 1993
f 1980 1981 1995 1994
f 1981 1982 1996 1995
f 1982 1969 1983 1996
o FigureheadHead
usemtl AccentGold
f 2141 1998 1997
f 2141 1999 1998
f 2141 2000 1999
f 2141 2001 2000
f 2141 2002 2001
f 2141 2003 2002
f 2141 2004 2003
f 2141 2005 2004
f 2141 2006 2005
f 2141 2007 2006
f 2141 2008 2007
f 2141 2009 2008
f 2141 2010 2009
f 2141 2011 2010
f 2141 2012 2011
f 2141 2013 2012
f 2141 2014 2013
f 2141 1997 2014
f 1997 1998 2016 2015
f 1998 1999 2017 2016
f 1999 2000 2018 2017
f 2000 2001 2019 2018
f 2001 2002 2020 2019
f 2002 2003 2021 2020
f 2003 2004 2022 2021
f 2004 2005 2023 2022
f 2005 2006 2024 2023
f 2006 2007 2025 2024
f 2007 2008 2026 2025
f 2008 2009 2027 2026
f 2009 2010 2028 2027
f 2010 2011 2029 2028
f 2011 2012 2030 2029
f 2012 2013 2031 2030
f 2013 2014 2032 2031
f 2014 1997 2015 2032
f 2015 2016 2034 2033
f 2016 2017 2035 2034
f 2017 2018 2036 2035
f 2018 2019 2037 2036
f 2019 2020 2038 2037
f 2020 2021 2039 2038
f 2021 2022 2040 2039
f 2022 2023 2041 2040
f 2023 2024 2042 2041
f 2024 2025 2043 2042
f 2025 2026 2044 2043
f 2026 2027 2045 2044
f 2027 2028 2046 2045
f 2028 2029 2047 2046
f 2029 2030 2048 2047
f 2030 2031 2049 2048
f 2031 2032 2050 2049
f 2032 2015 2033 2050
f 2033 2034 2052 2051
f 2034 2035 2053 2052
f 2035 2036 2054 2053
f 2036 2037 2055 2054
f 2037 2038 2056 2055
f 2038 2039 2057 2056
f 2039 2040 2058 2057
f 2040 2041 2059 2058
f 2041 2042 2060 2059
f 2042 2043 2061 2060
f 2043 2044 2062 2061
f 2044 2045 2063 2062
f 2045 2046 2064 2063
f 2046 2047 2065 2064
f 2047 2048 2066 2065
f 2048 2049 2067 2066
f 2049 2050 2068 2067
f 2050 2033 2051 2068
f 2051 2052 2070 2069
f 2052 2053 2071 2070
f 2053 2054 2072 2071
f 2054 2055 2073 2072
f 2055 2056 2074 2073
f 2056 2057 2075 2074
f 2057 2058 2076 2075
f 2058 2059 2077 2076
f 2059 2060 2078 2077
f 2060 2061 2079 2078
f 2061 2062 2080 2079
f 2062 2063 2081 2080
f 2063 2064 2082 2081
f 2064 2065 2083 2082
f 2065 2066 2084 2083
f 2066 2067 2085 2084
f 2067 2068 2086 2085
f 2068 2051 2069 2086
f 2069 2070 2088 2087
f 2070 2071 2089 2088
f 2071 2072 2090 2089
f 2072 2073 2091 2090
f 2073 2074 2092 2091
f 2074 2075 2093 2092
f 2075 2076 2094 2093
f 2076 2077 2095 2094
f 2077 2078 2096 2095
f 2078 2079 2097 2096
f 2079 2080 2098 2097
f 2080 2081 2099 2098
f 2081 2082 2100 2099
f 2082 2083 2101 2100
f 2083 2084 2102 2101
f 2084 2085 2103 2102
f 2085 2086 2104 2103
f 2086 2069 2087 2104
f 2087 2088 2106 2105
f 2088 2089 2107 2106
f 2089 2090 2108 2107
f 2090 2091 2109 2108
f 2091 2092 2110 2109
f 2092 2093 2111 2110
f 2093 2094 2112 2111
f 2094 2095 2113 2112
f 2095 2096 2114 2113
f 2096 2097 2115 2114
f 2097 2098 2116 2115
f 2098 2099 2117 2116
f 2099 2100 2118 2117
f 2100 2101 2119 2118
f 2101 2102 2120 2119
f 2102 2103 2121 2120
f 2103 2104 2122 2121
f 2104 2087 2105 2122
f 2105 2106 2124 2123
f 2106 2107 2125 2124
f 2107 2108 2126 2125
f 2108 2109 2127 2126
f 2109 2110 2128 2127
f 2110 2111 2129 2128
f 2111 2112 2130 2129
f 2112 2113 2131 2130
f 2113 2114 2132 2131
f 2114 2115 2133 2132
f 2115 2116 2134 2133
f 2116 2117 2135 2134
f 2117 2118 2136 2135
f 2118 2119 2137 2136
f 2119 2120 2138 2137
f 2120 2121 2139 2138
f 2121 2122 2140 2139
f 2122 2105 2123 2140
f 2123 2124 2142
f 2124 2125 2142
f 2125 2126 2142
f 2126 2127 2142
f 2127 2128 2142
f 2128 2129 2142
f 2129 2130 2142
f 2130 2131 2142
f 2131 2132 2142
f 2132 2133 2142
f 2133 2134 2142
f 2134 2135 2142
f 2135 2136 2142
f 2136 2137 2142
f 2137 2138 2142
f 2138 2139 2142
f 2139 2140 2142
f 2140 2123 2142
f 2239 2144 2143
f 2239 2145 2144
f 2239 2146 2145
f 2239 2147 2146
f 2239 2148 2147
f 2239 2149 2148
f 2239 2150 2149
f 2239 2151 2150
f 2239 2152 2151
f 2239 2153 2152
f 2239 2154 2153
f 2239 2155 2154
f 2239 2156 2155
f 2239 2157 2156
f 2239 2158 2157
f 2239 2143 2158
f 2143 2144 2160 2159
f 2144 2145 2161 2160
f 2145 2146 2162 2161
f 2146 2147 2163 2162
f 2147 2148 2164 2163
f 2148 2149 2165 2164
f 2149 2150 2166 2165
f 2150 2151 2167 2166
f 2151 2152 2168 2167
f 2152 2153 2169 2168
f 2153 2154 2170 2169
f 2154 2155 2171 2170
f 2155 2156 2172 2171
f 2156 2157 2173 2172
f 2157 2158 2174 2173
f 2158 2143 2159 2174
f 2159 2160 2176 2175
f 2160 2161 2177 2176
f 2161 2162 2178 2177
f 2162 2163 2179 2178
f 2163 2164 2180 2179
f 2164 2165 2181 2180
f 2165 2166 2182 2181
f 2166 2167 2183 2182
f 2167 2168 2184 2183
f 2168 2169 2185 2184
f 2169 2170 2186 2185
f 2170 2171 2187 2186
f 2171 2172 2188 2187
f 2172 2173 2189 2188
f 2173 2174 2190 2189
f 2174 2159 2175 2190
f 2175 2176 2192 2191
f 2176 2177 2193 2192
f 2177 2178 2194 2193
f 2178 2179 2195 2194
f 2179 2180 2196 2195
f 2180 2181 2197 2196
f 2181 2182 2198 2197
f 2182 2183 2199 2198
f 2183 2184 2200 2199
f 2184 2185 2201 2200
f 2185 2186 2202 2201
f 2186 2187 2203 2202
f 2187 2188 2204 2203
f 2188 2189 2205 2204
f 2189 2190 2206 2205
f 2190 2175 2191 2206
f 2191 2192 2208 2207
f 2192 2193 2209 2208
f 2193 2194 2210 2209
f 2194 2195 2211 2210
f 2195 2196 2212 2211
f 2196 2197 2213 2212
f 2197 2198 2214 2213
f 2198 2199 2215 2214
f 2199 2200 2216 2215
f 2200 2201 2217 2216
f 2201 2202 2218 2217
f 2202 2203 2219 2218
f 2203 2204 2220 2219
f 2204 2205 2221 2220
f 2205 2206 2222 2221
f 2206 2191 2207 2222
f 2207 2208 2224 2223
f 2208 2209 2225 2224
f 2209 2210 2226 2225
f 2210 2211 2227 2226
f 2211 2212 2228 2227
f 2212 2213 2229 2228
f 2213 2214 2230 2229
f 2214 2215 2231 2230
f 2215 2216 2232 2231
f 2216 2217 2233 2232
f 2217 2218 2234 2233
f 2218 2219 2235 2234
f 2219 2220 2236 2235
f 2220 2221 2237 2236
f 2221 2222 2238 2237
f 2222 2207 2223 2238
f 2223 2224 2240
f 2224 2225 2240
f 2225 2226 2240
f 2226 2227 2240
f 2227 2228 2240
f 2228 2229 2240
f 2229 2230 2240
f 2230 2231 2240
f 2231 2232 2240
f 2232 2233 2240
f 2233 2234 2240
f 2234 2235 2240
f 2235 2236 2240
f 2236 2237 2240
f 2237 2238 2240
f 2238 2223 2240
o FigureheadBeak
usemtl WoodDark
f 2241 2242 2252 2251
f 2242 2243 2253 2252
f 2243 2244 2254 2253
f 2244 2245 2255 2254
f 2245 2246 2256 2255
f 2246 2247 2257 2256
f 2247 2248 2258 2257
f 2248 2249 2259 2258
f 2249 2250 2260 2259
f 2250 2241 2251 2260
o MastCrown
usemtl AccentGold
f 2345 2262 2261
f 2345 2263 2262
f 2345 2264 2263
f 2345 2265 2264
f 2345 2266 2265
f 2345 2267 2266
f 2345 2268 2267
f 2345 2269 2268
f 2345 2270 2269
f 2345 2271 2270
f 2345 2272 2271
f 2345 2273 2272
f 2345 2274 2273
f 2345 2261 2274
f 2261 2262 2276 2275
f 2262 2263 2277 2276
f 2263 2264 2278 2277
f 2264 2265 2279 2278
f 2265 2266 2280 2279
f 2266 2267 2281 2280
f 2267 2268 2282 2281
f 2268 2269 2283 2282
f 2269 2270 2284 2283
f 2270 2271 2285 2284
f 2271 2272 2286 2285
f 2272 2273 2287 2286
f 2273 2274 2288 2287
f 2274 2261 2275 2288
f 2275 2276 2290 2289
f 2276 2277 2291 2290
f 2277 2278 2292 2291
f 2278 2279 2293 2292
f 2279 2280 2294 2293
f 2280 2281 2295 2294
f 2281 2282 2296 2295
f 2282 2283 2297 2296
f 2283 2284 2298 2297
f 2284 2285 2299 2298
f 2285 2286 2300 2299
f 2286 2287 2301 2300
f 2287 2288 2302 2301
f 2288 2275 2289 2302
f 2289 2290 2304 2303
f 2290 2291 2305 2304
f 2291 2292 2306 2305
f 2292 2293 2307 2306
f 2293 2294 2308 2307
f 2294 2295 2309 2308
f 2295 2296 2310 2309
f 2296 2297 2311 2310
f 2297 2298 2312 2311
f 2298 2299 2313 2312
f 2299 2300 2314 2313
f 2300 2301 2315 2314
f 2301 2302 2316 2315
f 2302 2289 2303 2316
f 2303 2304 2318 2317
f 2304 2305 2319 2318
f 2305 2306 2320 2319
f 2306 2307 2321 2320
f 2307 2308 2322 2321
f 2308 2309 2323 2322
f 2309 2310 2324 2323
f 2310 2311 2325 2324
f 2311 2312 2326 2325
f 2312 2313 2327 2326
f 2313 2314 2328 2327
f 2314 2315 2329 2328
f 2315 2316 2330 2329
f 2316 2303 2317 2330
f 2317 2318 2332 2331
f 2318 2319 2333 2332
f 2319 2320 2334 2333
f 2320 2321 2335 2334
f 2321 2322 2336 2335
f 2322 2323 2337 2336
f 2323 2324 2338 2337
f 2324 2325 2339 2338
f 2325 2326 2340 2339
f 2326 2327 2341 2340
f 2327 2328 2342 2341
f 2328 2329 2343 2342
f 2329 2330 2344 2343
f 2330 2317 2331 2344
f 2331 2332 2346
f 2332 2333 2346
f 2333 2334 2346
f 2334 2335 2346
f 2335 2336 2346
f 2336 2337 2346
f 2337 2338 2346
f 2338 2339 2346
f 2339 2340 2346
f 2340 2341 2346
f 2341 2342 2346
f 2342 2343 2346
f 2343 2344 2346
f 2344 2331 2346
o TopFlag
usemtl AccentRed
f 2347 2348 2355 2354
f 2348 2349 2356 2355
f 2349 2350 2357 2356
f 2350 2351 2358 2357
f 2351 2352 2359 2358
f 2352 2353 2360 2359
f 2354 2355 2362 2361
f 2355 2356 2363 2362
f 2356 2357 2364 2363
f 2357 2358 2365 2364
f 2358 2359 2366 2365
f 2359 2360 2367 2366
o SteeringWheel
usemtl AccentGold
f 2368 2369 2376 2375
f 2369 2370 2377 2376
f 2370 2371 2378 2377
f 2371 2372 2379 2378
f 2372 2373 2380 2379
f 2373 2374 2381 2380
f 2374 2368 2375 2381
f 2382 2383 2390 2389
f 2383 2384 2391 2390
f 2384 2385 2392 2391
f 2385 2386 2393 2392
f 2386 2387 2394 2393
f 2387 2388 2395 2394
f 2388 2382 2389 2395
f 2396 2397 2404 2403
f 2397 2398 2405 2404
f 2398 2399 2406 2405
f 2399 2400 2407 2406
f 2400 2401 2408 2407
f 2401 2402 2409 2408
f 2402 2396 2403 2409
f 2410 2411 2418 2417
f 2411 2412 2419 2418
f 2412 2413 2420 2419
f 2413 2414 2421 2420
f 2414 2415 2422 2421
f 2415 2416 2423 2422
f 2416 2410 2417 2423
f 2424 2425 2432 2431
f 2425 2426 2433 2432
f 2426 2427 2434 2433
f 2427 2428 2435 2434
f 2428 2429 2436 2435
f 2429 2430 2437 2436
f 2430 2424 2431 2437
f 2438 2439 2446 2445
f 2439 2440 2447 2446
f 2440 2441 2448 2447
f 2441 2442 2449 2448
f 2442 2443 2450 2449
f 2443 2444 2451 2450
f 2444 2438 2445 2451
f 2452 2453 2460 2459
f 2453 2454 2461 2460
f 2454 2455 2462 2461
f 2455 2456 2463 2462
f 2456 2457 2464 2463
f 2457 2458 2465 2464
f 2458 2452 2459 2465
f 2466 2467 2474 2473
f 2467 2468 2475 2474
f 2468 2469 2476 2475
f 2469 2470 2477 2476
f 2470 2471 2478 2477
f 2471 2472 2479 2478
f 2472 2466 2473 2479
f 2480 2481 2488 2487
f 2481 2482 2489 2488
f 2482 2483 2490 2489
f 2483 2484 2491 2490
f 2484 2485 2492 2491
f 2485 2486 2493 2492
f 2486 2480 2487 2493
f 2494 2495 2502 2501
f 2495 2496 2503 2502
f 2496 2497 2504 2503
f 2497 2498 2505 2504
f 2498 2499 2506 2505
f 2499 2500 2507 2506
f 2500 2494 2501 2507
f 2508 2509 2516 2515
f 2509 2510 2517 2516
f 2510 2511 2518 2517
f 2511 2512 2519 2518
f 2512 2513 2520 2519
f 2513 2514 2521 2520
f 2514 2508 2515 2521
f 2522 2523 2530 2529
f 2523 2524 2531 2530
f 2524 2525 2532 2531
f 2525 2526 2533 2532
f 2526 2527 2534 2533
f 2527 2528 2535 2534
f 2528 2522 2529 2535
f 2536 2537 2544 2543
f 2537 2538 2545 2544
f 2538 2539 2546 2545
f 2539 2540 2547 2546
f 2540 2541 2548 2547
f 2541 2542 2549 2548
f 2542 2536 2543 2549
f 2550 2551 2558 2557
f 2551 2552 2559 2558
f 2552 2553 2560 2559
f 2553 2554 2561 2560
f 2554 2555 2562 2561
f 2555 2556 2563 2562
f 2556 2550 2557 2563
f 2564 2565 2572 2571
f 2565 2566 2573 2572
f 2566 2567 2574 2573
f 2567 2568 2575 2574
f 2568 2569 2576 2575
f 2569 2570 2577 2576
f 2570 2564 2571 2577
f 2578 2579 2586 2585
f 2579 2580 2587 2586
f 2580 2581 2588 2587
f 2581 2582 2589 2588
f 2582 2583 2590 2589
f 2583 2584 2591 2590
f 2584 2578 2585 2591
f 2592 2593 2600 2599
f 2593 2594 2601 2600
f 2594 2595 2602 2601
f 2595 2596 2603 2602
f 2596 2597 2604 2603
f 2597 2598 2605 2604
f 2598 2592 2599 2605
f 2606 2607 2614 2613
f 2607 2608 2615 2614
f 2608 2609 2616 2615
f 2609 2610 2617 2616
f 2610 2611 2618 2617
f 2611 2612 2619 2618
f 2612 2606 2613 2619
f 2620 2621 2628 2627
f 2621 2622 2629 2628
f 2622 2623 2630 2629
f 2623 2624 2631 2630
f 2624 2625 2632 2631
f 2625 2626 2633 2632
f 2626 2620 2627 2633
f 2634 2635 2642 2641
f 2635 2636 2643 2642
f 2636 2637 2644 2643
f 2637 2638 2645 2644
f 2638 2639 2646 2645
f 2639 2640 2647 2646
f 2640 2634 2641 2647
f 2648 2649 2656 2655
f 2649 2650 2657 2656
f 2650 2651 2658 2657
f 2651 2652 2659 2658
f 2652 2653 2660 2659
f 2653 2654 2661 2660
f 2654 2648 2655 2661
f 2662 2663 2670 2669
f 2663 2664 2671 2670
f 2664 2665 2672 2671
f 2665 2666 2673 2672
f 2666 2667 2674 2673
f 2667 2668 2675 2674
f 2668 2662 2669 2675
f 2676 2677 2684 2683
f 2677 2678 2685 2684
f 2678 2679 2686 2685
f 2679 2680 2687 2686
f 2680 2681 2688 2687
f 2681 2682 2689 2688
f 2682 2676 2683 2689
f 2690 2691 2698 2697
f 2691 2692 2699 2698
f 2692 2693 2700 2699
f 2693 2694 2701 2700
f 2694 2695 2702 2701
f 2695 2696 2703 2702
f 2696 2690 2697 2703
f 2715 2714 2713 2712 2711 2710 2709 2708 2707 2706 2705 2704
f 2716 2717 2718 2719 2720 2721 2722 2723 2724 2725 2726 2727
f 2704 2705 2717 2716
f 2705 2706 2718 2717
f 2706 2707 2719 2718
f 2707 2708 2720 2719
f 2708 2709 2721 2720
f 2709 2710 2722 2721
f 2710 2711 2723 2722
f 2711 2712 2724 2723
f 2712 2713 2725 2724
f 2713 2714 2726 2725
f 2714 2715 2727 2726
f 2715 2704 2716 2727
o Cargo
usemtl WoodLight
f 2741 2740 2739 2738 2737 2736 2735 2734 2733 2732 2731 2730 2729 2728
f 2742 2743 2744 2745 2746 2747 2748 2749 2750 2751 2752 2753 2754 2755
f 2728 2729 2743 2742
f 2729 2730 2744 2743
f 2730 2731 2745 2744
f 2731 2732 2746 2745
f 2732 2733 2747 2746
f 2733 2734 2748 2747
f 2734 2735 2749 2748
f 2735 2736 2750 2749
f 2736 2737 2751 2750
f 2737 2738 2752 2751
f 2738 2739 2753 2752
f 2739 2740 2754 2753
f 2740 2741 2755 2754
f 2741 2728 2742 2755
f 2769 2768 2767 2766 2765 2764 2763 2762 2761 2760 2759 2758 2757 2756
f 2770 2771 2772 2773 2774 2775 2776 2777 2778 2779 2780 2781 2782 2783
f 2756 2757 2771 2770
f 2757 2758 2772 2771
f 2758 2759 2773 2772
f 2759 2760 2774 2773
f 2760 2761 2775 2774
f 2761 2762 2776 2775
f 2762 2763 2777 2776
f 2763 2764 2778 2777
f 2764 2765 2779 2778
f 2765 2766 2780 2779
f 2766 2767 2781 2780
f 2767 2768 2782 2781
f 2768 2769 2783 2782
f 2769 2756 2770 2783
f 2797 2796 2795 2794 2793 2792 2791 2790 2789 2788 2787 2786 2785 2784
f 2798 2799 2800 2801 2802 2803 2804 2805 2806 2807 2808 2809 2810 2811
f 2784 2785 2799 2798
f 2785 2786 2800 2799
f 2786 2787 2801 2800
f 2787 2788 2802 2801
f 2788 2789 2803 2802
f 2789 2790 2804 2803
f 2790 2791 2805 2804
f 2791 2792 2806 2805
f 2792 2793 2807 2806
f 2793 2794 2808 2807
f 2794 2795 2809 2808
f 2795 2796 2810 2809
f 2796 2797 2811 2810
f 2797 2784 2798 2811
o CargoBands
usemtl Iron
f 2825 2824 2823 2822 2821 2820 2819 2818 2817 2816 2815 2814 2813 2812
f 2826 2827 2828 2829 2830 2831 2832 2833 2834 2835 2836 2837 2838 2839
f 2812 2813 2827 2826
f 2813 2814 2828 2827
f 2814 2815 2829 2828
f 2815 2816 2830 2829
f 2816 2817 2831 2830
f 2817 2818 2832 2831
f 2818 2819 2833 2832
f 2819 2820 2834 2833
f 2820 2821 2835 2834
f 2821 2822 2836 2835
f 2822 2823 2837 2836
f 2823 2824 2838 2837
f 2824 2825 2839 2838
f 2825 2812 2826 2839
f 2853 2852 2851 2850 2849 2848 2847 2846 2845 2844 2843 2842 2841 2840
f 2854 2855 2856 2857 2858 2859 2860 2861 2862 2863 2864 2865 2866 2867
f 2840 2841 2855 2854
f 2841 2842 2856 2855
f 2842 2843 2857 2856
f 2843 2844 2858 2857
f 2844 2845 2859 2858
f 2845 2846 2860 2859
f 2846 2847 2861 2860
f 2847 2848 2862 2861
f 2848 2849 2863 2862
f 2849 2850 2864 2863
f 2850 2851 2865 2864
f 2851 2852 2866 2865
f 2852 2853 2867 2866
f 2853 2840 2854 2867
f 2881 2880 2879 2878 2877 2876 2875 2874 2873 2872 2871 2870 2869 2868
f 2882 2883 2884 2885 2886 2887 2888 2889 2890 2891 2892 2893 2894 2895
f 2868 2869 2883 2882
f 2869 2870 2884 2883
f 2870 2871 2885 2884
f 2871 2872 2886 2885
f 2872 2873 2887 2886
f 2873 2874 2888 2887
f 2874 2875 2889 2888
f 2875 2876 2890 2889
f 2876 2877 2891 2890
f 2877 2878 2892 2891
f 2878 2879 2893 2892
f 2879 2880 2894 2893
f 2880 2881 2895 2894
f 2881 2868 2882 2895
f 2909 2908 2907 2906 2905 2904 2903 2902 2901 2900 2899 2898 2897 2896
f 2910 2911 2912 2913 2914 2915 2916 2917 2918 2919 2920 2921 2922 2923
f 2896 2897 2911 2910
f 2897 2898 2912 2911
f 2898 2899 2913 2912
f 2899 2900 2914 2913
f 2900 2901 2915 2914
f 2901 2902 2916 2915
f 2902 2903 2917 2916
f 2903 2904 2918 2917
f 2904 2905 2919 2918
f 2905 2906 2920 2919
f 2906 2907 2921 2920
f 2907 2908 2922 2921
f 2908 2909 2923 2922
f 2909 2896 2910 2923
f 2937 2936 2935 2934 2933 2932 2931 2930 2929 2928 2927 2926 2925 2924
f 2938 2939 2940 2941 2942 2943 2944 2945 2946 2947 2948 2949 2950 2951
f 2924 2925 2939 2938
f 2925 2926 2940 2939
f 2926 2927 2941 2940
f 2927 2928 2942 2941
f 2928 2929 2943 2942
f 2929 2930 2944 2943
f 2930 2931 2945 2944
f 2931 2932 2946 2945
f 2932 2933 2947 2946
f 2933 2934 2948 2947
f 2934 2935 2949 2948
f 2935 2936 2950 2949
f 2936 2937 2951 2950
f 2937 2924 2938 2951
f 2965 2964 2963 2962 2961 2960 2959 2958 2957 2956 2955 2954 2953 2952
f 2966 2967 2968 2969 2970 2971 2972 2973 2974 2975 2976 2977 2978 2979
f 2952 2953 2967 2966
f 2953 2954 2968 2967
f 2954 2955 2969 2968
f 2955 2956 2970 2969
f 2956 2957 2971 2970
f 2957 2958 2972 2971
f 2958 2959 2973 2972
f 2959 2960 2974 2973
f 2960 2961 2975 2974
f 2961 2962 2976 2975
f 2962 2963 2977 2976
f 2963 2964 2978 2977
f 2964 2965 2979 2978
f 2965 2952 2966 2979
o LanternFrame
usemtl Iron
f 2980 2981 2989 2988
f 2981 2982 2990 2989
f 2982 2983 2991 2990
f 2983 2984 2992 2991
f 2984 2985 2993 2992
f 2985 2986 2994 2993
f 2986 2987 2995 2994
f 2987 2980 2988 2995
f 2996 2997 2998 2999
f 3000 3003 3002 3001
f 2996 3000 3001 2997
f 2997 3001 3002 2998
f 2998 3002 3003 2999
f 2999 3003 3000 2996
o LanternGlow
usemtl Glow
f 3064 3005 3004
f 3064 3006 3005
f 3064 3007 3006
f 3064 3008 3007
f 3064 3009 3008
f 3064 3010 3009
f 3064 3011 3010
f 3064 3012 3011
f 3064 3013 3012
f 3064 3014 3013
f 3064 3015 3014
f 3064 3004 3015
f 3004 3005 3017 3016
f 3005 3006 3018 3017
f 3006 3007 3019 3018
f 3007 3008 3020 3019
f 3008 3009 3021 3020
f 3009 3010 3022 3021
f 3010 3011 3023 3022
f 3011 3012 3024 3023
f 3012 3013 3025 3024
f 3013 3014 3026 3025
f 3014 3015 3027 3026
f 3015 3004 3016 3027
f 3016 3017 3029 3028
f 3017 3018 3030 3029
f 3018 3019 3031 3030
f 3019 3020 3032 3031
f 3020 3021 3033 3032
f 3021 3022 3034 3033
f 3022 3023 3035 3034
f 3023 3024 3036 3035
f 3024 3025 3037 3036
f 3025 3026 3038 3037
f 3026 3027 3039 3038
f 3027 3016 3028 3039
f 3028 3029 3041 3040
f 3029 3030 3042 3041
f 3030 3031 3043 3042
f 3031 3032 3044 3043
f 3032 3033 3045 3044
f 3033 3034 3046 3045
f 3034 3035 3047 3046
f 3035 3036 3048 3047
f 3036 3037 3049 3048
f 3037 3038 3050 3049
f 3038 3039 3051 3050
f 3039 3028 3040 3051
f 3040 3041 3053 3052
f 3041 3042 3054 3053
f 3042 3043 3055 3054
f 3043 3044 3056 3055
f 3044 3045 3057 3056
f 3045 3046 3058 3057
f 3046 3047 3059 3058
f 3047 3048 3060 3059
f 3048 3049 3061 3060
f 3049 3050 3062 3061
f 3050 3051 3063 3062
f 3051 3040 3052 3063
f 3052 3053 3065
f 3053 3054 3065
f 3054 3055 3065
f 3055 3056 3065
f 3056 3057 3065
f 3057 3058 3065
f 3058 3059 3065
f 3059 3060 3065
f 3060 3061 3065
f 3061 3062 3065
f 3062 3063 3065
f 3063 3052 3065
o SideOrnament
usemtl AccentGold
f 3066 3067 3068 3069
f 3070 3073 3072 3071
f 3066 3070 3071 3067
f 3067 3071 3072 3068
f 3068 3072 3073 3069
f 3069 3073 3070 3066
f 3074 3075 3076 3077
f 3078 3081 3080 3079
f 3074 3078 3079 3075
f 3075 3079 3080 3076
f 3076 3080 3081 3077
f 3077 3081 3078 3074
f 3082 3083 3084 3085
f 3086 3089 3088 3087
f 3082 3086 3087 3083
f 3083 3087 3088 3084
f 3084 3088 3089 3085
f 3085 3089 3086 3082
f 3090 3091 3092 3093
f 3094 3097 3096 3095
f 3090 3094 3095 3091
f 3091 3095 3096 3092
f 3092 3096 3097 3093
f 3093 3097 3094 3090
f 3098 3099 3100 3101
f 3102 3105 3104 3103
f 3098 3102 3103 3099
f 3099 3103 3104 3100
f 3100 3104 3105 3101
f 3101 3105 3102 3098
f 3106 3107 3108 3109
f 3110 3113 3112 3111
f 3106 3110 3111 3107
f 3107 3111 3112 3108
f 3108 3112 3113 3109
f 3109 3113 3110 3106
f 3114 3115 3116 3117
f 3118 3121 3120 3119
f 3114 3118 3119 3115
f 3115 3119 3120 3116
f 3116 3120 3121 3117
f 3117 3121 3118 3114
f 3122 3123 3124 3125
f 3126 3129 3128 3127
f 3122 3126 3127 3123
f 3123 3127 3128 3124
f 3124 3128 3129 3125
f 3125 3129 3126 3122
f 3130 3131 3132 3133
f 3134 3137 3136 3135
f 3130 3134 3135 3131
f 3131 3135 3136 3132
f 3132 3136 3137 3133
f 3133 3137 3134 3130
f 3138 3139 3140 3141
f 3142 3145 3144 3143
f 3138 3142 3143 3139
f 3139 3143 3144 3140
f 3140 3144 3145 3141
f 3141 3145 3142 3138
